   3,Abdulkader N;Brun JL,"['induct', 'detect', 'isol', 'temperaturesensit', 'appli', 'seri', 'techniqu', 'intend', 'induc', 'detect']"
   5,Abi-Rached M;Brun JL,"['etud', 'ultrastructural', 'de', 'relat', 'entr', 'ovocyt', 'et', 'diakinesi', 'develop', 'oocyt', 'c']"
   6,Abi-Rached M;Brun JL,"['ultrastructur', 'chang', 'nuclear', 'perinuclear', 'electron', 'microscop', 'studi', 'around', 'nucleu', 'c']"
   7,Abi-Rached M;Brun JL,"['chang', 'synaptonem', 'complex', 'oocyt', 'nucleu', 'oogenesi', 'hermaphrodit', 'nematod', 'c', 'elegan']"
   8,Albertson DG;Sulston JE;White JG,"['cell', 'cycl', 'dna', 'replic', 'mutant', 'block', 'postembryon', 'develop', 'nematod']"
   9,Albertson DG;Thomson JN,"['pharynx', 'c', 'elegan', 'anatomi', 'pharynx', 'caenorhabd', 'elegan']"
  10,Ali M;Wahab A;El-Kifel AH,"['nematod', 'associ', 'coleoptera', 'speci', 'egypt', 'part', 'anatomi', 'pharynx', 'caenorhabd', 'elegan']"
  11,Anderson GL,"['respons', 'dauerlarva', 'c', 'elegan', 'nematoda', 'larval', 'form', 'freeliv', 'nematod', 'caenorhabd']"
  12,Anderson GL;Dusenbery DB,"['critic', 'oxygen', 'tension', 'c', 'elegan', 'regul', 'abl', 'maintain', 'stabl', 'oxygen']"
  14,Andrew PA;Nicholas WL,"['effect', 'bacteria', 'dispers', 'c', 'elegan', 'dispers', 'behavior', 'caenorhabd', 'elegan']"
  15,Ward S,"['genet', 'studi', 'chemotaxi', 'mutant', 'nematod', 'precis', 'neuron', 'develop', 'program']"
  16,Babu P,"['biochem', 'genet', 'c', 'elegan', 'new', 'method', 'isol', 'mutant', 'freeliv']"
  21,Beguet B,"['persist', 'process', 'regul', 'level', 'start', 'laboratori', 'strain', 'c', 'elegan']"
  22,Beguet B,"['un', 'exempl', 'de', 'deriv', 'meiotiqu', 'chez', 'un', 'nematod', 'libr', 'french']"
  23,Beguet B,"['cryoconserv', 'de', 'mutant', 'femellesteril', 'dun', 'french']"
  24,Beguet B,"['genetiqu', 'de', 'la', 'physiologi', 'ovocytair', 'chez', 'un', 'nematod', 'freeliv', 'hermaprodit', 'autogam', 'nematod', 'c']"
  25,Beguet B,"['etud', 'genetiqu', 'dun', 'mutant', 'meiotiqu', 'domin', 'chez', 'c', 'caenorhabd', 'elegan', 'wildtyp', 'hermaphrodit', 'produc']"
  26,Beguet B;Brun JL,"['influenc', 'parent', 'age', 'reproduct', 'f1', 'freeliv', 'hermaphrodit', 'autogam', 'nematod', 'c']"
  27,Beguet B;Gibert M-A,"['obtain', 'selffertil', 'hermaphrodit', 'mutant', 'ethylmethanesulfon', 'act', 'larva', 'wild', 'type']"
  28,Behme R;Pasternak J,"['dna', 'base', 'composit', 'free', 'live', 'nematod', 'speci', 'mean', 'base', 'composit', 'gc', 'dna', 'sampl', 'five']"
  29,Bird AF,"['method', 'distinguish', 'live', 'dead', 'sinc', 'sometim', 'difficult', 'distinguish']"
  30,Brenner S,"['genet', 'behaviour', 'grow', 'interest', 'studi', 'genet']"
  31,Brenner S,"['genet', 'caenorhabd', 'elegan', 'method', 'describ', 'isol', 'complement']"
  33,Brun J,"['evolut', 'de', 'la', 'prophas', 'meiotiqu', 'chez', 'c', 'elegan', 'maupa', 'french']"
  34,Brun J,"['genet', 'adapt', 'c', 'elegan', 'nematoda', 'high', 'taken', 'directli', 'strain', 'kept', 'sever', 'year']"
  36,Brun JL,"['ladapt', 'aux', 'temperatur', 'eleve', 'chez', 'un', 'nematod', 'c', 'caenorhabd', 'elegan', 'nematod', 'strain', 'almost']"
  37,Brun JL,"['ladptat', 'aux', 'temperatur', 'eleve', 'chez', 'un', 'nematod', 'c', 'psychrophil', 'bergerac', 'stock', 'c', 'elegan']"
  38,Brun JL,"['ladapt', 'aux', 'temperatur', 'eleve', 'chez', 'un', 'nematod', 'c', 'experiment', 'condit', 'caenorhabd', 'elegan']"
  39,Brun JL,"['influenc', 'de', 'condit', 'de', 'milieu', 'sur', 'la', 'fecondit', 'de', 'c', 'grown', 'xenic', 'condit', 'fertil']"
  41,Brun JL,"['structur', 'organis', 'et', 'variat', 'du', 'materiel', 'genetiqu', 'grown', 'xenic', 'condit', 'fertil']"
  42,Brun JL;Lebre D,"['influenc', 'parent', 'age', 'fecund', '1st', 'french']"
  44,Bryant C;Nicholas WL;Jantunen R,"['aspect', 'respiratori', 'metabol', 'c', 'briggsa', 'method', 'describ', 'product', 'larg', 'number']"
  45,Buecher EJ;Hansen EL,"['yeast', 'extract', 'supplement', 'chemic', 'defin', 'medium', 'caenorhabd', 'briggsa', 'free', 'live', 'soil', 'nematod']"
  46,Buecher EJ;Hansen EL,"['mass', 'cultur', 'axen', 'nematod', 'use', 'continu', 'aerat', 'biochem', 'physiolog', 'studi', 'nematod', 'often']"
  47,Buecher EJ;Hansen EL;Gottfried T,"['yeast', 'ribosom', 'sourc', 'growth', 'factor', 'nematod', 'current', 'interest', 'studi', 'nematod']"
  48,Buecher EJ;Hansen EL;Gottfried T,"['nematod', 'growth', 'factor', 'baker', 'yeast', 'extract', 'prepar', 'commerci', 'avail', 'yeast']"
  49,Buecher EJ;Hansen E;Yarwood EA,"['ficol', 'activ', 'protein', 'essenti', 'matur', 'previou', 'work', 'axen', 'cultur', 'free', 'live']"
  50,Buecher EJ;Hansen EL;Yarwood EA,"['growth', 'nematod', 'defin', 'medium', 'contain', 'hemin', 'shown', 'sever', 'freeliv', 'nematod']"
  51,Buecher EJ;Hansen EL;Yarwood EA,"['cultiv', 'c', 'briggsa', 'turbatrix', 'aceti', 'defin', 'follow', 'report', 'addit', 'hemin', 'cholesterol']"
  52,Buecher EJ;Perez-Mendez G;Hansen EL,"['role', 'precipit', 'activ', 'treatment', 'axen', 'cultur', 'caenorhabd', 'briggsa', 'free', 'live']"
  53,Byerly L;Cassada RC;Russell RL,"['machin', 'rapidli', 'count', 'measur', 'size', 'machin', 'develop', 'accur', 'count', 'size']"
  54,Byerly L;Cassada RC;Russell RL,"['life', 'cycl', 'nematod', 'c', 'elegan', 'wild', 'type', 'growth', 'reproduct', 'small', 'nematod']"
  55,Byerly L;Scherer S;Russell RL,"['life', 'cycl', 'nematod', 'c', 'elegan', 'ii', 'simplifi', 'simpl', 'method', 'character', 'develop']"
  58,Cassada RC;Russell RL,"['dauerlarva', 'postembryon', 'development', 'variant', 'postembryolog', 'develop', 'freeliv']"
  60,Castillo JM;Kisiel MJ;Zuckerman BM,"['studi', 'effect', '2', 'procain', 'prepar', 'c', 'concentr', '036', 'mm', 'procain', 'signific']"
  61,Cayrol JC;Brun J,"['etud', 'different', 'temperatur', 'de', 'lactivit', 'predatric', 'french']"
  63,Cayrol JC;Dreyfus B,"['etud', 'preliminair', 'sur', 'le', 'relat', 'entr', 'nematod', 'first', 'prove', 'freeliv', 'nematod']"
  65,Chalfie M;Thomson JN,"['organ', 'neuron', 'microtubul', 'nematod', 'c', 'studi', 'organ', 'microtubul', 'neuron']"
  66,Cheng AC;Lu NC;Briggs GM;Stokstad ELR,"['effect', 'particul', 'materi', 'popul', 'growth', 'recent', 'investig', 'shown', 'ingest']"
  67,Chitwood BG,"['studi', 'physiolog', 'function', 'morpholog', 'intravitam', 'stain', 'use', 'determin', 'function']"
  69,Colonna WJ;McFadden BA,"['isocitr', 'lyas', 'parasit', 'free', 'live', 'nematod', 'isocitr', 'lyas', 'malat', 'synthas', 'demonstr']"
  70,Cooper AF;Van Gundy SD,"['senesc', 'quiescenc', 'cryptobiosi', 'word', 'senesc', 'quiescenc', 'cryptobiosi', 'describ']"
  72,Cooper AF Jr;Van Gundy SD,"['metabol', 'glycogen', 'neutral', 'lipid', 'aphelenchu', 'starv', 'aphelenchu', 'avena', 'surviv', '34', 'week']"
  73,Cooper AF;Van Gundy SD,"['ethanol', 'product', 'util', 'aphelenchu', 'avena', 'microaerob', 'anaerob', 'environ', 'principl']"
  74,Cooper AF Jr;Van Gundy SD;Stolzy LH,"['nematod', 'reproduct', 'environ', 'fluctuat', 'reproduct', 'aphelenchu', 'avena', 'rear', 'rhizoctonia']"
  75,Croll NA,"['compon', 'pattern', 'behaviour', 'nematod', 'c', 'behaviour', 'activ', 'movement', 'feed']"
  76,Croll NA,"['indolealkylamin', 'coordin', 'nematod', 'nematod', 'movement', 'result', 'spontan', 'myogen']"
  77,Croll NA,"['c', 'elegan', 'nematoda', 'rhabditida', 'bump', 'bead', 'c', 'elegan', 'bump', 'bead', 'stop', 'move']"
  78,Croll NA,"['behavior', 'coordin', 'nematod', 'c', 'elegan', 'bump', 'bead', 'stop', 'move']"
  79,Croll NA,"['sensori', 'mechan', 'nematod', 'recent', 'unpreced', 'advanc']"
  80,Croll NA;Smith JM,"['integr', 'behaviour', 'feed', 'phase', 'c', 'elegan', 'caenorhabd', 'elegan', 'spend', 'life', 'feed']"
  81,Croll NA;Smith JM;Zuckerman BM,"['age', 'process', 'nematod', 'c', 'elegan', 'bacteri', 'much', 'known', 'morpholog']"
  82,Culotti JG;Russell RL,"['osmot', 'avoid', 'defect', 'mutant', 'nematod', 'c', 'wildtyp', 'strain', 'nematod', 'caenorhabd', 'elegan']"
  83,Delavault R,"['la', 'teneur', 'en', 'acid', 'desoxyribonucleiqu', 'de', 'noyaux', 'sexuel', 'french']"
  84,Delavault R,"['etud', 'cytologiqu', 'de', 'acid', 'nucleiqu', 'chez', 'un', 'nematod', 'french']"
  85,Delavault R,"['croissanc', 'de', 'ovotesti', 'pui', 'de', 'ovair', 'chez', 'un', 'nematod', 'french']"
  86,Delavault R,"['developp', 'croissanc', 'et', 'fonctionn', 'de', 'glan', 'french']"
  87,DeNiro MJ;Epstein S,"['influenc', 'diet', 'distribut', 'carbon', 'isotop', 'influenc', 'diet', 'distribut', 'carbon']"
  88,Deppe U;Schierenberg E;Cole T;Krieg C;Schmitt D;Yoder B;von,"['cell', 'lineag', 'embryo', 'nematod', 'c', 'elegan', 'embryogenesi', 'freeliv', 'soil', 'nematod']"
  89,Deubert KH;Zuckerman BM,"['histochem', 'demonstr', 'cytochrom', 'oxidas', 'histochem', 'procedur', 'demonstr']"
  90,Dion M;Brun JL,"['genet', 'map', 'freeliv', 'nematod', 'c', 'elegan', 'genet', 'studi', 'two', 'dwarf', 'spontan', 'mutant']"
  92,Dougherty EC,"['steril', 'piec', 'chick', 'embryo', 'medium', 'past', 'eight', 'month', 'ie', 'sinc', 'decemb', '1948']"
  93,Dougherty EC,"['axen', 'cultiv', 'rhabditi', 'briggsa', 'dougherti', 'obviou', 'success', 'cultiv', 'vitro']"
  94,Dougherty EC,"['axen', 'cultiv', 'rhabditi', 'briggsa', 'dougherti', 'axen', 'cultiv', 'ie', 'growth', 'absenc']"
  95,Dougherty EC,"['genu', 'subfamili', 'rhabditina', 'micolitzki', '1922', 'axen', 'cultiv', 'ie', 'growth', 'absenc']"
  96,Dougherty EC,"['genu', 'speci', 'subfamili', 'rhabditina', 'osch', '1952', 'recent', 'publish', 'sore', 'need']"
  97,Dougherty EC,"['introduct', 'axen', 'cultur', 'invertebr', 'metazoa', 'consult', 'editor', 'saw', 'take', 'opportun']"
  98,Dougherty EC,"['cultiv', 'aschelminth', 'especi', 'rhabditid', 'purpos', 'present', 'chapter', 'noun']"
 100,Dougherty EC;Calhoun HG,"['possibl', 'signific', 'freeliv', 'nematod', 'genet', 'freeliv', 'nematod', 'subord', 'rhabditina']"
 102,Dougherty EC;Hansen EL,"['axen', 'cultiv', 'caenorhabd', 'briggsa', 'nematoda', 'freeliv', 'soildwel', 'hermaphrodit', 'rhabditid']"
 103,Dougherty EC;Hansen EL,"['folic', 'acid', 'requir', 'antagon', 'recent', 'report', 'high', 'folic', 'acid', 'fa']"
 104,Dougherty EC;Hansen EL;Nicholas WL;Mollett JA;Yarwood EA,"['axen', 'cultiv', 'caenorhabd', 'briggsa', 'nematoda', 'detail', 'summari', 'method', 'axen', 'cultiv']"
 105,Dougherty EC;Keith DF,"['axen', 'cultiv', 'rhabditi', 'briggsa', 'dougherti', 'immedi', 'preced', 'paper', 'dougherti', '1953']"
 106,Dougherty EC;Nigon V,"['effect', 'acriflavin', 'mixtur', 'acriflavin', 'form', 'hydrochlorid', 'two']"
 107,Dougherty EC;Raphael JC;Alton CM,"['axen', 'cultiv', 'rhabditi', 'briggsa', 'experi', 'acriflavin', 'form', 'hydrochlorid', 'two']"
 108,Drechsler C,"['new', 'speci', 'stylopag', 'prey', 'nematod', 'zopf', 'account', 'tha', 'captur', 'nematod']"
 109,Drechsler C,"['three', 'fungi', 'destruct', 'freeliv', 'terricol', 'sever', 'earlier', 'paper', 'compar', 'treatment']"
 110,Drechsler C,"['three', 'new', 'hyphomycet', 'prey', 'freeliv', 'terricol', 'earlier', 'paper', 'given', 'compar', 'account', '18']"
 111,Drechsler C,"['hyphomycet', 'parasit', 'freeliv', 'terricol', 'agar', 'plate', 'cultur', 'prepar', 'isol', 'parasit']"
 112,Drechsler C,"['three', 'hyphomycet', 'captur', 'nematod', 'adhes', 'sever', 'previou', 'paper', 'descript', 'treatment', 'given']"
 113,Drechsler C,"['speci', 'harposporium', 'invad', 'nematod', 'host', '1874', 'lohd', 'briefli', 'describ', 'hyphomycet', 'found']"
 114,Dropkin VH;Lower WR;Acedo J,"['growth', 'inhibit', 'c', 'elegan', 'panagrellu', 'redivivu', 'caenorhabd', 'elegan', 'panagrellu', 'redivivu']"
 115,Dusenbery DB,"['countercurr', 'separ', 'new', 'method', 'studi', 'new', 'method', 'analysi', 'behavior', 'small']"
 116,Dusenbery DB,"['analysi', 'chemotaxi', 'nematod', 'c', 'elegan', 'c', 'elegan', 'respond', 'sever', 'common', 'chemic']"
 117,Dusenbery DB,"['avoid', 'dtryptophan', 'nematod', 'c', 'elegan', 'chemotact', 'studi', 'employ', 'countercurr', 'separ']"
 118,Dusenbery DB,"['attract', 'nematod', 'c', 'elegan', 'pyridin', '1', 'nematod', 'c', 'elegan', 'attract', 'pyridin', '2']"
 119,Dusenbery DB,"['chemotact', 'behavior', 'mutant', 'nematod', 'c', 'elegan', 'wildtyp', 'c', 'elegan', '16', 'deriv', 'strain', 'previous']"
 120,Dusenbery DB,"['chemotact', 'respons', 'male', 'c', 'elegan', 'cultur', 'c', 'elegan', 'contain', 'high', 'proport']"
 121,Dusenbery DB;Anderson GL;Anderson EA,"['thermal', 'acclim', 'extens', 'behavior', 'thermal', 'acclim', 'freeliv', 'soil', 'nematod']"
 122,Dusenbery DB;Sheridan RE;Russell RL,"['chemotaxisdefect', 'mutant', 'nematod', 'c', 'elegan', 'techniqu', 'countercurr', 'separ', 'use']"
 123,Edgar RS;Wood WB,"['nematod', 'c', 'elegan', 'new', 'organ', 'intens', 'recent', 'confer', 'wood', 'hole', 'massachusett']"
 124,Emmons SW;Klass MR;Hirsh D,"['analysi', 'constanc', 'dna', 'sequenc', 'order', 'test', 'occurr', 'rearrang']"
 125,Epstein HF;Schachat FH;Wolff JA,"['molecular', 'genet', 'nematod', 'myosin', 'genet', 'small', 'freeliv', 'nematod']"
 126,Epstein HF;Harris HE;Schachat FH;Suddleson EA;Wolff JA,"['genet', 'molecular', 'studi', 'nematod', 'myosin', 'organ', 'contractil', 'system', 'requir']"
 127,Epstein HF;Isachsen MM;Suddleson EA,"['kinet', 'movement', 'normal', 'mutant', 'nematod', 'nematod', 'caenorhabd', 'elegan', 'strongli', 'attract']"
 128,Epstein HF;Thomson JN,"['temperatur', 'sensit', 'mutat', 'affect', 'myofila', 'assembl', 'contractil', 'calciumrel', 'regulatori']"
 129,Epstein HF;Waterston RH;Brenner S,"['mutant', 'affect', 'heavi', 'chain', 'myosin', 'c', 'elegan', 'set', 'noncompl', 'closelylink', 'ethyl']"
 130,Epstein J;Castillo J;Himmelhoch S;Zuckerman BM,"['ultrastructur', 'studi', 'c', 'briggsa', 'studi', 'fine', 'structur', 'caenorhabd', 'briggsa']"
 131,Epstein J;Gershon D,"['studi', 'age', 'nematod', 'iv', 'effect', 'effect', 'antioxid', 'atocopherolquinon', 'atq']"
 132,Epstein J;Himmelhoch S;Gershon D,"['studi', 'age', 'nematod', 'iii', 'electronmicroscop', 'freeliv', 'nematod', 'caenorhabd', 'briggsa', 'use']"
 135,Fatt HV,"['nutrit', 'requir', 'reproduct', '1', 'temperaturesensit', 'c', 'elegan', 'bergerac']"
 137,Fatt HV;Dougherty EC,"['genet', 'control', 'differenti', 'heat', 'toler', 'two', 'two', 'strain', 'bergerac', 'bristol', 'nematod']"
 138,Fiakpui EZ,"['effect', 'piperazin', 'methyridin', 'biolog', 'effect', 'methyridin', 'piperazin']"
 140,Friedman PA;Platzer EG;Eby JE,"['speci', 'differenti', 'c', 'briggsa', 'c', 'elegan', 'identif', 'five', 'laboratori', 'strain', '15', 'put']"
 141,Fuchs AC,"['neue', 'parasitisch', 'und', 'halbparasitisch', 'nematoden', 'bei', 'identif', 'five', 'laboratori', 'strain', '15', 'put']"
 142,Galsky AG;Monoson HL;Williams SA,"['bioassay', 'measur', 'crude', 'nematod', 'extract', 'bioassay', 'quantit', 'measur', 'abil']"
 143,Garcea RL;Schachat F;Epstein HF,"['coordin', 'synthesi', 'two', 'myosin', 'wildtyp', 'mutant', 'paper', 'examin', 'role', 'two', 'myosin']"
 146,Ghiselin M,"['evolut', 'hermaphrodit', 'among', 'anim', 'possibl', 'select', 'advantag', 'includ', 'new', 'one']"
 147,Golovin E,"['nabliudeniia', 'nad', 'nematodami', 'okonchani', 'possibl', 'select', 'advantag', 'includ', 'new', 'one']"
 148,Gochnauer MB;McCoy E,"['respons', 'soil', 'nematod', 'rhabditi', 'briggsa', 'two', 'main', 'phase', 'research', 'antibiot']"
 149,Guerrero J;Silverman PH,"['ascari', 'suum', 'immun', 'reaction', 'mous', 'ii', 'metabol', 'immunolog', 'activ', 'somat', 'metabol', 'antigen']"
 151,Haight M;Frim J;Pasternak J;Frey H,"['freezethaw', 'surviv', 'freeliv', 'nematod', 'c', 'long', 'time', 'nematod', 'note', 'abil']"
 152,Hansen EL;Berntzen AK,"['develop', 'c', 'briggsa', 'hymenolepsi', 'nana', 'chemic', 'defin', 'medium', 'supplement', 'proteinac']"
 153,Hansen EL;Buecher EJ,"['biochem', 'approach', 'systemat', 'studi', 'axen', 'applic', 'biochem', 'systemat', 'nematolog']"
 154,Hansen EL;Buecher EJ,"['effect', 'insect', 'hormon', 'nematod', 'axen', 'cultur', 'insect', 'juvenil', 'hormon', 'jh', 'jh', 'mimet']"
 155,Hansen EL;Buecher EJ;Yarwood EA,"['develop', 'matur', 'c', 'briggsa', 'respons', 'cultur', 'characterist', 'caenorhabd', 'briggsa']"
 156,Hansen EL;Cryan WS,"['continu', 'axen', 'cultur', 'freeliv', 'nematod', 'new', 'method', 'continu', 'thin', 'film', 'axen', 'cultur']"
 157,Hansen EL;Perez-Mendez G;Buecher EJ,"['glycogen', 'supplement', 'medium', 'axen', 'cultiv', 'freeliv', 'nematod', 'cultur', 'continu']"
 158,Harris H;Tso M-Y W;Epstein HF,"['actin', 'myosinlink', 'calcium', 'regul', 'c', 'elegan', 'calcium', 'regul', 'actomyosin', 'activ', 'nematod']"
 159,Harris HE;Epstein HF,"['myosin', 'paramyosin', 'c', 'elegan', 'biochem', 'myosin', 'paramyosin', 'purifi', 'nematod']"
 160,Hedgecock EM,"['mate', 'system', 'c', 'elegan', 'evolutionari', 'equilibrium', 'mani', 'hermaphrodit', 'speci', 'includ', 'small', 'soil']"
 161,Hedgecock EM;Russell RL,"['normal', 'mutant', 'thermotaxi', 'nematod', 'c', 'elegan', 'grown', 'temperatur', '16c', '25c', 'place']"
 162,Herman RK;Albertson DG;Brenner S,"['chromosom', 'rearrang', 'c', 'elegan', 'method', 'select', 'unlink', 'duplic', 'part']"
 163,Herman RK,"['crossov', 'suppressor', 'balanc', 'recess', 'lethal', 'c', 'two', 'domin', 'suppressor', 'cross']"
 164,Herman RK;Madl JE;Kari CK,"['duplic', 'c', 'elegan', 'thirteen', 'chromosom', 'duplic', 'unlink']"
 165,Hieb WF;Rothstein M,"['sterol', 'requir', 'reproduct', 'freeliv', 'freeliv', 'hermaphrodit', 'nematod', 'caenorhabd']"
 166,Hieb WF;Rothstein M,"['isol', 'liver', 'heatstabl', 'requir', 'freeliv', 'nematod', 'grown', 'axen', 'cultur', 'requir']"
 167,Hieb WF;Stokstad ELR;Rothstein M,"['heme', 'requir', 'reproduct', 'freeliv', 'freeliv', 'hermaphrodit', 'nematod', 'caenorhabd']"
 168,Higgins BJ;Hirsh D,"['roller', 'mutant', 'nematod', 'c', 'elegan', 'wild', 'type', 'nematod', 'caenorhabd', 'elegan', 'move']"
 169,Himmelhoch S;Zuckerman BM,"['c', 'briggsa', 'age', 'structur', 'turnov', 'outer', 'expos', 'surfac', 'caenorhabd', 'briggsa', 'examin']"
 170,Himmelhoch S;Kisiel MJ;Zuckerman BM,"['c', 'briggsa', 'electron', 'microscop', 'analysi', 'chang', 'neg', 'surfac', 'charg', 'densiti', 'outer', 'cuticular']"
 172,Hirsh D,"['pattern', 'gene', 'express', 'develop', 'much', 'discuss', 'symposium', 'address']"
 174,Hirsh D;Oppenheim D;Klass M,"['develop', 'reproduct', 'system', 'c', 'elegan', 'morpholog', 'studi', 'growth', 'develop']"
 175,Hirsh D;Vanderslice R,"['temperaturesensit', 'development', 'mutant', 'c', 'elegan', '200', 'temperaturesensit', 'mutant', 'nematod']"
 176,Hirsh D;Wood WB;Hecht R;Carr S;Vanderslice R,"['express', 'gene', 'essenti', 'earli', 'develop', 'genet', 'test', 'matern', 'effect', 'perform']"
 177,Hitcho PJ;Thorson RE,"['behavior', 'freeliv', 'plantparasit', 'nematod', 'posit', 'thermotact', 'behavior', 'demonstr']"
 178,Hodgkin JA;Brenner S,"['mutat', 'caus', 'transform', 'sexual', 'phenotyp', 'ten', 'mutat', 'describ', 'transform', 'genotyp']"
 179,Hodgkin J;Horvitz HR;Brenner S,"['nondisjunct', 'mutant', 'nematod', 'c', 'elegan', 'frequenc', 'male', '5aaxo', 'among', 'self', 'progeni']"
 180,Johnson CD;Russell RL,"['rapid', 'simpl', 'radiometr', 'assay', 'cholinesteras', 'rapid', 'simpl', 'radiometr', 'assay', 'cholinesteras']"
 181,Hogger CH;Estey RH,"['cryofractur', 'scan', 'electron', 'microscop', 'nematod', 'prepar', 'scan', 'electron', 'microscopi']"
 182,Hogger CH;Estey RH;Kisiel MJ;Zuckerman BM,"['surfac', 'scan', 'observ', 'chang', 'c', 'briggsa', 'sem', 'observ', 'adult', 'caenorhabd', 'briggsa', 'femal']"
 183,Honda H,"['experiment', 'cytolog', 'studi', 'bisexu', 'hermaphrodit', 'gonad', 'rahbditi', 'elegan']"
 184,Horvitz HR;Brenner S;Hodgkin J;Herman RK,"['uniform', 'genet', 'nomenclatur', 'nematod', 'c', 'elegan', 'uniform', 'system', 'genet', 'nomenclatur', 'nematod']"
 185,Hosono R,"['age', 'depend', 'chang', 'behavior', 'c', 'elegan', 'method', 'analyz', 'respons', 'caenorhabd', 'elegan']"
 186,Hosono R,"['steril', 'growth', 'inhibit', 'c', 'elegan', 'free', 'live', 'nematod', 'often', 'use', 'studi']"
 187,Hosono R,"['sinusoid', 'movement', 'c', 'elegan', 'liquid', 'phase', 'nematod', 'caenorhabd', 'elegan', 'propag', 'sinusoid']"
 188,Hwang SW,"['freez', 'storag', 'nematod', 'liquid', 'nitrogen', 'freeliv', 'nematod', 'genu', 'aphelenchoid']"
 189,Jakstys BP;Silverman PH,"['effect', 'heterolog', 'antibodi', 'haemonchu', 'contortu', 'doubl', 'diffus', 'test', 'serum', 'obtain', 'rabbit']"
 190,Jantunen R,"['moult', 'c', 'briggsa', 'rhabditida', 'moult', 'caenorhabd', 'briggsa', 'observ']"
 191,Johnson K;Hirsh D,"['pattern', 'protein', 'synthes', 'develop', 'c', 'twodimension', 'gel', 'electrophoresi', 'use']"
 192,Kermarrec A,"['recherch', 'sur', 'le', 'ennemi', 'du', 'champignon', 'de', 'couch', 'investig', 'enemi', 'cultiv', 'mushroom']"
 193,Kimble J;Hirsh D,"['postembryon', 'cell', 'lineag', 'hermaphrodit', 'ancestri', 'cell', 'hermaphrodit', 'male']"
 194,Kimpinski J,"['nematod', 'associ', 'veget', 'princ', 'edward', 'twentyf', 'genu', 'nematod', 'identifi', 'six']"
 196,Kisiel MJ;Castillo JM;Zuckerman LS;Zuckerman BM;Himmelhoch,"['studi', 'age', 'turbatrix', 'aceti', 'morpholog', 'physiolog', 'chang', 'occur']"
 197,Kisiel MJ;Deubert KH;Zuckerman BM,"['biogen', 'amin', 'freeliv', 'nematod', 'c', 'briggsa', 'dopamin', 'epinephrin', 'norepinephrin', 'serotonin']"
 198,Kisiel MJ;Himmelhoch S;Zuckerman BM,"['c', 'briggsa', 'effect', 'aminopterin', 'characterist', 'featur', 'senesc', 'develop']"
 199,Kisiel MJ;Nelson B;Zuckerman BM,"['influenc', 'growth', 'factor', 'bacteria', 'sever', 'investig', 'report', 'nutrit']"
 200,Kisiel MJ;Nelson B;Zuckerman BM,"['effect', 'dna', 'synthesi', 'inhibitor', 'c', 'briggsa', 'effect', 'three', 'dna', 'synthesi', 'inhibitor', 'axen']"
 202,Kisiel MJ;Zuckerman BM,"['effect', 'centrophenoxin', 'nematod', 'c', 'briggsa', 'concentr', '136', 'mm', 'centrophenoxin', 'cultur']"
 203,Klass MR,"['age', 'nematod', 'c', 'elegan', 'major', 'biolog', 'freeliv', 'nematod', 'caenorhabd', 'elegan']"
 204,Klass M;Hirsh D,"['nonag', 'development', 'variant', 'c', 'elegan', 'studi', 'mechan', 'affect', 'rate', 'age']"
 205,Klass M;Wolf N;Hirsh D,"['develop', 'male', 'reproduct', 'system', 'sexual', 'small', 'freeliv', 'nematod', 'caenorhabd', 'elegan']"
 206,Klass MR;Wolf N;Hirsh D,"['character', 'temperaturesensit', 'temperaturesensit', 'sex', 'transform', 'tra2b202ii']"
 207,Klefenz HF;Zuckerman BM,"['review', 'compar', 'analysi', 'studi', 'enzym', 'chang', 'studi', 'enzym', 'chang', 'age', 'rodent']"
 208,Korner H,"['die', 'nematodenfauna', 'de', 'vergehenden', 'holz', 'und', 'ihr', 'studi', 'enzym', 'chang', 'age', 'rodent']"
 209,Kreis HA,"['freilebend', 'terristrisch', 'nematoden', 'au', 'der', 'umgebung', 'von', 'studi', 'enzym', 'chang', 'age', 'rodent']"
 210,Kreis HA,"['freilebend', 'terrestrisch', 'nematoden', 'au', 'der', 'umgebung', 'von', 'studi', 'enzym', 'chang', 'age', 'rodent']"
 211,Kreis HA;Faust EC,"['two', 'new', 'speci', 'rhabditi', 'r', 'macrocerca', 'r', 'studi', 'enzym', 'chang', 'age', 'rodent']"
 212,Krieg C;Cole T;Deppe U;Schierenberg E;Schmitt D;Yoder B;von,"['cellular', 'anatomi', 'embryo', 'nematod', 'c', 'elegan', 'describ', 'light', 'microscopi', 'embryogenesi']"
 214,Lewis JA;Hodgkin JA,"['specif', 'neuroanatom', 'chang', 'chemosensori', 'mutant', 'eight', 'nineteen', 'chemotact', 'mutant', 'nematod']"
 215,Liu A;Rothstein M,"['nematod', 'biochemistri', 'xv', 'enzym', 'chang', 'relat', '1', 'freeliv', 'nematod', 'caenorhabd', 'briggsa']"
 217,Lower WR;Buecher EJ,"['axen', 'cultur', 'nematod', 'easili', 'prepar', 'medium', 'aqueou', 'extract', 'ruptur', 'baker', 'yeast', 'ad']"
 218,Lower WR;Hansen EL;Yarwood EA,"['assay', 'proteinac', 'growth', 'factor', 'requir', 'time', 'matur', 'freeliv', 'protandr']"
 219,Lower WR;Hansen EL;Yarwood EA,"['use', 'nematod', 'cultur', 'axen', 'defin', 'medium', 'nematod', 'cultur', 'axen', 'bacteria', 'free', 'defin']"
 220,Lower WR;Hansen EL;Yarwood EA,"['select', 'adapt', 'increas', 'temperatur', 'adapt', 'high', 'temperatur', 'whether', 'physiolog']"
 223,Lu NC;Hieb WF;Stokstad ELR,"['accumul', 'formiminolglutam', 'acid', 'formiminolglutam', 'acid', 'figlu', 'intermedi']"
 224,Lu NC;Hieb WF;Stokstad ELR,"['effect', 'vitamin', 'b12', 'folat', 'biosynthesi', 'role', 'dietari', 'vitamin', 'b12', 'folic', 'acid']"
 225,Lu NC;Hubenberg G Jr;Briggs GM;Stokstad ELR,"['growthpromot', 'activ', 'sever', 'lipidrel', 'past', 'decad', 'much', 'progress', 'made']"
 226,Lu NC;Newton C;Stokstad ELR,"['requir', 'sterol', 'variou', 'sterol', 'precursor', 'quantit', 'sterol', 'requir', 'studi', 'c']"
 228,Lyons JM;Keith AD;Thomason IJ,"['temperatureinduc', 'phase', 'transit', 'nematod', 'lipid', 'temperatureinduc', 'phase', 'transit', 'estim', 'electron']"
 230,Mackenzie JM Jr;Garcea RL;Zengel JM;Epstein HF,"['muscl', 'develop', 'c', 'elegan', 'mutant', 'exhibit', 'studi', 'structur', 'chang', 'within', 'bodywal']"
 231,Mackenzie JM Jr;Schachat F;Epstein HF,"['immunocytochem', 'local', 'two', 'myosin', 'within', 'nematod', 'synthes', 'two', 'major', 'class', 'myosin', 'heavi']"
 232,MacLeod AR;Waterston RH;Brenner S,"['intern', 'delet', 'mutant', 'myosin', 'heavi', 'chain', 'c', 'unc54', 'structur', 'gene', 'myosin', 'heavi', 'chain']"
 233,MacLeod AR;Waterston RH;Fishpool RM;Brenner S,"['identif', 'structur', 'gene', 'myosin', 'mutant', 'unc54', 'gene', 'caenorhabd', 'elegan']"
 235,Manning A,"['place', 'genet', 'studi', 'behaviour', 'studi', 'behaviour', 'genet', 'cover', 'wide', 'field']"
 236,Marks CF,"['respir', 'respons', 'caenorhabd', 'sp', 'respir', 'rate', 'third', 'stage', 'larva']"
 237,Marks CF;Sorensen O,"['measur', 'nematod', 'respir', 'biolog', 'cartesian', 'diver', 'manometr', 'techniqu', 'frequent']"
 239,Maupas E,"['mode', 'et', 'form', 'de', 'reproduct', 'de', 'nematod', 'cartesian', 'diver', 'manometr', 'techniqu', 'frequent']"
 240,Maupas E,"['essai', 'dhybridis', 'chez', 'le', 'nematod', 'french']"
 241,Meneely PM;Herman RK,"['lethal', 'steril', 'defici', 'region', 'x', 'twentyon', 'xlink', 'recess', 'lethal', 'steril', 'mutat']"
 242,Messner B;Kerstan U,"['histochem', 'evid', 'peroxidas', 'invertebr', '15', 'speci', 'nematod', '3', 'speci', 'insect']"
 244,Mitchell DH;Stiles JW;Santelli J;Sanadi DR,"['synchron', 'growth', 'age', 'c', 'elegan', 'presenc', 'fluorodeoxyuridin', 'fudr', 'inhibitor', 'dna', 'synthesi']"
 245,Moerman DG;Baillie DL,"['genet', 'organ', 'c', 'elegan', 'finestructur', 'analysi', 'finestructur', 'analysi', 'unc22', 'gene']"
 247,Monoson HL;Williams SA,"['endoparasit', 'nematodetrap', 'fungi', 'mason', 'state', 'initi', 'survey', 'involv', 'endoparasit']"
 248,Monoson HL;Galsky AG;Stephano RS,"['studi', 'abil', 'variou', 'nematod', 'induc', 'trap', 'nemin', 'extract', 'five', 'differ', 'speci', 'nematod']"
 250,Mulvey RH,"['oogenesi', 'freeliv', 'nematod', 'would', 'like', 'introduc', 'lectur', 'subject']"
 251,Murfitt RR;Vogel K;Sanadi DR,"['character', 'mitochondrion', 'freeliv', '1', 'condit', 'discuss', 'obtain', 'popul', 'level']"
 252,Nelson GA;Lew KK;Ward S,"['intersex', 'temperaturesensit', 'mutant', 'nematod', 'c', 'temperaturesensit', 'mutat', 'isx1hc17', 'report']"
 253,Neuschulz N,"['axen', 'cultur', 'free', 'live', 'nematod', 'literatur', 'german']"
 254,Nicholas WL,"['cultur', 'nutrit', 'requir', 'freeliv', 'german']"
 255,Nicholas WL,"['biolog', 'freeliv', 'nematod', 'german']"
 256,Neuschulz N,"['axenisch', 'kultivierung', 'freilebend', 'nematoden', 'nutrit', 'substratum', 'axen', 'nematod', 'cultiv']"
 257,Nicholas WL;Dougherty EC;Hansen EL,"['axen', 'cultiv', 'c', 'briggsa', 'nematoda', 'rhabditida', 'paper', 'address', 'primarili', 'unsolv', 'problem']"
 258,Nicholas WL;Dougherty EC;Hansen EL;Holm-Hansen O;Moses V,"['incorpor', '14c', 'sodium', 'acetate214c', '1', 'nematod', 'caenorhabd', 'briggsa', 'cultur']"
 259,Nicholas WL;Grassia A;Viswanathan S,"['effici', 'c', 'briggsa', 'rhabditida', 'feed', 'rate', 'remov', 'bacterium', 'e', 'coli', 'aqueou']"
 260,Nicholas WL;Hansen EL;Dougherty EC,"['bvitamin', 'requir', 'caenorhabd', 'briggsa', 'find', 'b', 'vitamin', 'requir']"
 261,Nicholas WL;Jantunen R,"['biotin', 'requir', 'c', 'briggsa', 'rhabditida', 'caenorhabd', 'briggsa', 'cultur', 'axen']"
 262,Nicholas WL;Jantunen R,"['c', 'briggsa', 'rhabditida', 'anaerob', 'condit', 'effect', 'anaerob', 'condit', 'egg', 'larval']"
 263,Nicholas WL;Jantunen R,"['effect', 'differ', 'concentr', 'oxygen', 'effect', 'differ', 'partial', 'pressur', 'oxygen']"
 264,Nicholas WL;McEntegart MG,"['techniqu', 'obtain', 'axen', 'cultur', 'rhabditid', 'ultim', 'purpos', 'experi', 'studi']"
 265,Nicholas WL;Stewart AC,"['calorif', 'valu', 'c', 'elegan', 'rhabditida', 'calorif', 'valu', 'popul', 'caenorhabd']"
 266,Nicholas WL;Viswanathan S,"['studi', 'nutrit', 'c', 'briggsa', 'rhabditida', 'fed', 'cultur', 'caenorhabd', 'briggsa', 'fed', 'escherichia']"
 267,Nickle WR;Ayre GL,"['c', 'dolichura', 'head', 'gland', 'ant', 'camponotu', 'cultur', 'caenorhabd', 'briggsa', 'fed', 'escherichia']"
 269,Nigon V,"['le', 'determinism', 'du', 'sex', 'chez', 'un', 'nematod', 'libr', 'cultur', 'caenorhabd', 'briggsa', 'fed', 'escherichia']"
 270,Nigon V,"['effect', 'de', 'la', 'polyploidi', 'chez', 'un', 'nematod', 'libr', 'french']"
 271,Nigon V,"['le', 'modalit', 'de', 'la', 'reproduct', 'et', 'le', 'determinism', 'du', 'sex', 'french']"
 272,Nigon V,"['contribut', 'la', 'critiqu', 'experimental', 'de', 'theori', 'de', 'french']"
 273,Nigon V,"['developp', 'et', 'reproduct', 'de', 'nematod', 'french']"
 274,Nigon V;Arcel R,"['effet', 'dune', 'elev', 'de', 'temperatur', 'sur', 'la', 'prophas', 'french']"
 275,Nigon V;Brun J,"['levolut', 'de', 'structur', 'nucleair', 'dan', 'lovogenes', 'de', 'french']"
 276,Nigon V;Brun J,"['genetiqu', 'et', 'evolut', 'de', 'nematod', 'libr', 'perspect', 'freeliv', 'nematod', 'endow', 'set', 'properti']"
 277,Nigon V;Dougherty EC,"['reproduct', 'pattern', 'attempt', 'reciproc', 'cross', 'long', 'time', 'definit', 'speci']"
 278,Nigon V;Dougherty EC,"['dwarf', 'mutat', 'nematod', 'morpholog', 'mutant', '1', 'morpholog', 'mutant', 'selffertil']"
 280,Nigon V;Guerrier P;Monin H,"['larchitectur', 'polair', 'de', 'loeuf', 'et', 'le', 'movement', 'de', 'french']"
 281,Nolan RA,"['asteromyc', 'cruciatu', 'north', 'america', 'hyphomycet', 'asteromyc', 'cruciatu', 'f', 'mme', 'moreau']"
 282,Nonnemacher-Godet J;Dougherty EC,"['incorpor', 'tritiat', 'thymidin', 'cell', 'c', 'rhabditid', 'nematod', 'caenorhabd', 'briggsa']"
 283,O'Farrell PH,"['highresolut', 'twodimension', 'electrophoresi', 'techniqu', 'develop', 'separ']"
 284,Osche G,"['systematik', 'und', 'phylogeni', 'der', 'gattung', 'rhabditi', 'nematoda', 'techniqu', 'develop', 'separ']"
 287,Ouazana R,"['morpholog', 'temperaturesensit', 'mutant', 'morpholog', 'temperaturesensit', 'mutant']"
 288,Ouazana R;Brun JL,"['intracistron', 'recombin', 'dwarf', 'locu', 'french']"
 289,Ouazana R;Brun J,"['effect', 'dumpi', 'develop', 'function', 'analyz', 'wildtyp', 'strain', 'bergerac', 'varieti']"
 290,Ouazana R;Gibert M-A,"['cuticular', 'collagen', 'composit', 'nematod', 'c', 'elegan', 'describ', 'techniqu', 'allow', 'u', 'isol', 'cuticl']"
 291,Ozerol NH;Silverman PH,"['exsheath', 'phenomenon', 'infectivestag', 'larva', 'natur', 'exsheath', '3rdstage', 'larva']"
 292,Pak WL;Pinto LH,"['genet', 'approach', 'studi', 'nervou', 'system', 'beadl', 'tatum', 'first', 'show', 'singl', 'step', 'mutant', 'may']"
 294,Patel TR;McFadden BA,"['simpl', 'spectrophotometr', 'method', 'measur', 'ordinari', 'spectrophotomet', 'use', 'studi', 'growth']"
 295,Patel TR;McFadden BA,"['particul', 'isocitr', 'lyas', 'malat', 'synthas', 'c', 'biochem', 'evid', 'present', 'suggest']"
 296,Patel TR;McFadden BA,"['axen', 'synchron', 'cultur', 'c', 'elegan', 'techniqu', 'axen', 'cultur', 'caenorhabd', 'elegan']"
 297,Patel TR;McFadden BA,"['c', 'elegan', 'ascari', 'suum', 'fragment', 'isocitr', 'well', 'known', 'proteolysi', 'often', 'occur']"
 298,Patel TR;McFadden BA,"['c', 'elegan', 'ascari', 'suum', 'inhibit', 'isocitr', 'lyas', 'largest', 'form', 'isocitr', 'lyas', 'caenorhabd']"
 299,Pertel R,"['axen', 'cultiv', 'two', 'speci', 'rhabditid', 'nematod', 'commerci', 'avail', 'crude', 'liver', 'medium', 'capabl']"
 302,Pertel R;Paran N;Mattern CFT,"['c', 'elegan', 'local', 'cholinesteras', 'associ', 'employ', 'histochem', 'procedur', 'adult', 'nematod']"
 303,Pertel R;Wilson SH,"['histamin', 'content', 'nematod', 'c', 'elegan', '1', 'histamin', 'contect', 'axen', 'grown', 'nematod']"
 305,Pinnock CB;Hieb WF;Stokstad ELR,"['mass', 'cultur', 'bioassay', 'method', 'c', 'briggsa', 'use', 'bioassay', 'method', 'c', 'briggsa', 'use', 'popul', 'growth']"
 306,Pinnock C;Shane B;Stokstad ELR,"['stimulatori', 'effect', 'peptid', 'growth', 'recent', 'work', 'age', 'genet', 'higher', 'organ']"
 307,Pinnock CB;Stokstad ELR,"['effect', 'heme', 'sourc', 'growth', 'c', 'briggsa', 'recent', 'paper', 'describ', 'stimulatori', 'effect']"
 310,Popham JD;Webster JM,"['altern', 'interpret', 'fine', 'structur', 'fine', 'structur', 'basal', 'zone', 'cuticl']"
 311,Popham JD;Webster JM,"['aspect', 'fine', 'structur', 'dauer', 'larva', 'examin', 'ultrastructur', 'dauer', 'larva']"
 312,Popham JD;Webster JM,"['use', 'osmium', 'mixtur', 'local', 'ion', 'c', 'electron', 'microscopi', 'caenorhabd', 'elegan', 'fix']"
 313,Potts FA,"['note', 'freeliv', 'nematod', 'hermaphrodit', 'orley', 'divid', 'nematoda', 'three', 'group', 'roughli']"
 314,Quinn WG;Gould JL,"['nerv', 'gene', 'busi', 'scientist', 'explain', 'away', 'magic']"
 315,Rammeloo J,"['harposporium', 'anguillula', 'lohd', 'monilial', 'espec', 'french']"
 316,Riddle DL,"['genet', 'pathway', 'dauer', 'larva', 'format', 'c', 'elegan', 'c', 'elegan', 'roundworm', 'freeliv', 'soil', 'nematod']"
 317,Riddle DL,"['genet', 'develop', 'behavior', 'c', 'elegan', 'current', 'genet', 'research', 'caenorhabd', 'elegan']"
 318,Riddle DL;Brenner S,"['indirect', 'suppress', 'c', 'elegan', 'two', 'case', 'indirect', 'suppress', 'character']"
 320,Rose AM;Baillie DL,"['effect', 'temperatur', 'parent', 'age', 'recombin', 'effect', 'temperatur', 'parent', 'age', 'recombin']"
 321,Rose AM;Baillie DL,"['mutat', 'c', 'elegan', 'increas', 'recombin', 'higher', 'organ', 'rate', 'recombin']"
 323,Rothstein M,"['nematod', 'biochemistri', 'iii', 'excret', 'product', '1', 'freeliv', 'nematod', 'caenorhabd', 'briggsa']"
 324,Rothstein M,"['nematod', 'biochemistri', 'v', 'intermediari', 'metabol', '1', 'formatec14', 'readili', 'incorpor', 'serin']"
 325,Rothstein M,"['nematod', 'biochemistri', 'ix', 'lack', 'sterol', 'biosynthesi', '1', 'axen', 'condit', 'freeliv', 'nematod']"
 326,Rothstein M,"['nematod', 'biochemistri', 'x', 'excret', 'glycerol', '1', 'freeliv', 'nematod', 'caenorhabd', 'briggsa']"
 327,Rothstein M,"['nematod', 'biochemistri', 'xi', 'biosynthesi', 'fatti', 'acid', 'c', '1', 'freeliv', 'nematod', 'caenorhabd', 'briggsa']"
 328,Rothstein M,"['practic', 'method', 'axen', 'cultur', 'freeliv', '1', 'medium', 'describ', 'suitabl', 'axen']"
 330,Rothstein M;Cook E,"['nematod', 'biochemistri', 'vi', 'condit', 'axen', 'cultur', '1', 'small', 'freeliv', 'nematod', 'turbatrix', 'aceti']"
 331,Rothstein M;Coppens M,"['nutrit', 'factor', 'condit', 'axen', 'cultur', '1', 'soypepton', 'fraction', 'yield', 'seri']"
 332,Rothstein M;Mayoh H,"['glycin', 'synthesi', 'isocitr', 'lyas', 'nematod', 'c', 'metabol', 'nematod', 'caenorhabd', 'briggsa']"
 333,Rothstein M;Mayoh H,"['nematod', 'biochemistri', 'iv', 'isocitr', 'lyas', 'c', 'small', 'freeliv', 'nematod', 'caenorhabd', 'briggsa']"
 334,Rothstein M;Mayoh H,"['nematod', 'biochemistri', 'viii', 'malat', 'synthetas', '1', 'presenc', 'malat', 'synthetas', 'demonstr']"
 335,Rothstein M;Nicholas WL,"['cultur', 'method', 'nutrit', 'nematod', '1', 'presenc', 'malat', 'synthetas', 'demonstr']"
 336,Rothstein M;Tomlinson GA,"['biosynthesi', 'amino', 'acid', 'nematod', 'c', 'briggsa', 'wish', 'report', 'believ', 'first']"
 337,Rothstein M;Tomlinson GA,"['nematod', 'biochemistri', 'ii', 'biosynthesi', 'amino', 'acid', 'axen', 'cultur', 'freeliv', 'nematod', 'caenorhabd']"
 338,Russell RL;Johnson CD;Rand JB;Scherer S;Zwass MS,"['mutant', 'acetylcholin', 'metabol', 'nematod', 'c', 'radiochem', 'assay', 'base', 'select', 'extract']"
 339,Rutherford TA;Croll NA,"['wave', 'form', 'c', 'elegan', 'chemic', 'attract', 'wave', 'form', 'activ', 'pattern', 'caenorhabd']"
 341,Sayre FW;Fishler MC;Humphreys GK;Jayko ME,"['growth', 'factor', 'studi', 'chang', 'reactiv', 'sulfhydryl', 'observ', 'chang', 'reactiv', 'essenti']"
 342,Sayre FW;Hansen EL;Starr TJ;Yarwood EA,"['isol', 'partial', 'character', 'growthcontrol', 'growthpromot', 'factor', 'liver', 'extract']"
 343,Sayre FW;Hansen EL;Yarwood EA,"['biochem', 'aspect', 'nutrit', 'caenorhabd', 'attempt', 'establish', 'biochem', 'biolog']"
 344,Sayre FW;Reiko TL;Sandman RP;Perez-Mendez G,"['studi', 'growth', 'factor', 'fraction', 'studi', 'amino', 'protein', 'growth', 'factor', 'nematod', 'caenorhabd']"
 345,Schachat F;Garcea RL;Epstein HF,"['myosin', 'exist', 'homodim', 'heavi', 'chain', 'demonstr', 'bodywal', 'caenorhabd', 'elegan', 'contain', 'two']"
 346,Schachat FH;Harris HE;Epstein HF,"['actin', 'nematod', 'c', 'elegan', 'singl', 'purifi', 'actin', 'wild', 'type', 'caenorhabd']"
 347,Schachat FH;Harris HE;Epstein HF,"['two', 'homogen', 'myosin', 'bodywal', 'muscl', 'c', 'elegan', 'myosin', 'purifi', 'bodywal', 'muscledefect', 'mutant']"
 348,Schachat FH;Harris HE;Garcea RL;LaPointe JW;Epstein HF,"['studi', 'two', 'bodywal', 'myosin', 'wild', 'type', 'mutant', 'nativ', 'myosin', 'purifi', 'wildtyp', 'n2']"
 349,Schachat F;O'Connor DJ;Epstein HF,"['moder', 'repetit', 'dna', 'sequenc', 'c', 'elegan', 'studi', 'show', 'moder', 'repetit', 'dna']"
 350,Schmidt GD;Kuntz RE,"['nematod', 'parasit', 'oceanica', 'xviii', 'caenorhabd', 'caenorhabd', 'avicola', 'sp', 'n', 'describ', 'one', 'male']"
 351,Schneider A,"['monographi', 'der', 'nematoden', 'caenorhabd', 'avicola', 'sp', 'n', 'describ', 'one', 'male']"
 352,Searcy DG;Kisiel MJ;Zuckerman BM,"['agerel', 'increas', 'cuticl', 'permeabl', 'extern', 'cuticular', 'surfac', 'nematod']"
 353,Searcy DG;MacInnis AJ,"['measur', 'dna', 'renatur', 'genet', 'basi', 'suggest', 'parasit', 'organ']"
 354,Singh RN;Sulston JE,"['observ', 'molt', 'c', 'elegan', 'moult', 'caenorhabd', 'elegan', 'observ']"
 355,Smith RM;Peterson WH;McCoy E,"['oligomycin', 'new', 'antifung', 'antibiot', 'although', 'major', 'antibiot', 'interest']"
 356,Soos A,"['rhabditi', 'carpathicu', 'spec', 'nov', 'ein', 'neue', 'although', 'major', 'antibiot', 'interest']"
 357,Spaull VW,"['qualit', 'quantit', 'distribut', 'soil', 'nematod', 'although', 'major', 'antibiot', 'interest']"
 358,Starck J,"['radioautograph', 'studi', 'rna', 'synthesi', 'c', 'elegan', 'two', 'ovarian', 'tube', 'caenorhabd', 'elegan']"
 359,Stromberg BE;Soulsby EJL,"['heterolog', 'helminth', 'induc', 'resist', 'ascari', 'suum', 'protect', 'induc', 'capac', 'toxocara', 'cani']"
 361,Sudhaus W,"['zur', 'systematik', 'verbreitung', 'okologi', 'und', 'biologi', 'neuer', 'five', 'new', 'speci', 'genu', 'rhabditi', 'describ', 'rh']"
 362,Sukul NC;Croll NA,"['influenc', 'potenti', 'differ', 'current', 'c', 'elegan', 'respond', 'direct', 'dc', 'current']"
 363,Sulston JE,"['postembryon', 'develop', 'ventral', 'cord', 'c', '56', 'nerv', 'cell', 'ad', 'ventral', 'cord', 'associ']"
 364,Sulston JE;Brenner S,"['dna', 'c', 'elegan', 'chemic', 'analysi', 'studi', 'renatur', 'kinet', 'show']"
 365,Sulston J;Dew M;Brenner S,"['dopaminerg', 'neuron', 'nematod', 'caenorhabd', 'dopamin', 'put', 'transmitt', 'eight', 'neuron']"
 366,Sulston JE;Horvitz HR,"['postembryon', 'cell', 'lineag', 'nematod', 'number', 'nongonad', 'nucleu', 'freeliv', 'soil']"
 367,Tattar TA;Stack JP;Zuckerman BM,"['appar', 'nondestruct', 'penetr', 'c', 'elegan', 'freeliv', 'nematod', 'sometim', 'use', 'model']"
 368,Tilby MJ;Moses V,"['nematod', 'age', 'automat', 'mainten', 'age', 'synchroni', 'techniqu', 'describ', 'continu', 'growth']"
 369,Tiner JD,"['preliminari', 'vitro', 'test', 'anthelminth', 'activ', 'rate', 'discoveri', 'new', 'anthelmint', 'increas']"
 371,Tomlinson GA;Rothstein M,"['nematod', 'biochemistri', 'cultur', 'method', 'simpl', 'procedur', 'develop', 'nematod']"
 372,Turner RH;Green CD,"['prepar', 'biolog', 'materi', 'scan', 'electron', 'nematod', 'mildewinfect', 'barley', 'leaf', 'examin']"
 373,Vanderslice R;Hirsh D,"['temperaturesensit', 'zygot', 'defect', 'mutant', 'c', 'three', 'gener', 'complement', 'temperaturesensit', 'mutant']"
 374,Vanfleteren JR,"['amino', 'acid', 'requir', 'freeliv', 'nematod', 'c', 'wash', 'yeast', 'ribosom', 'promot', 'growth', 'reproduct']"
 375,Vanfleteren JR,"['nematod', 'growth', 'factor', 'freeliv', 'nematod', 'grown', 'axen', 'chemic']"
 376,Vanfleteren JR,"['natur', 'nematod', 'growth', 'factor', 'growth', 'biolog', 'activ', 'ribonucleoprotein', 'rnp']"
 377,Vanfleteren JR,"['natur', 'nematod', 'growth', 'factor', 'ii', 'growth', 'growth', 'promot', 'activ', 'cytochrom', 'c', 'catalas']"
 378,Vanfleteren JR,"['natur', 'nematod', 'growth', 'factor', 'iii', 'growth', 'growth', 'promot', 'activ', 'proteinhaemin']"
 379,Vanfleteren JR,"['larg', 'scale', 'cultiv', 'freeliv', 'nematod', 'c', 'method', 'present', 'larg', 'scale', 'cultiv']"
 380,Vanfleteren JR,"['axen', 'cultur', 'freeliv', 'plantparasit', 'two', 'excel', 'review', 'one', 'recent', 'avail']"
 381,Vanfleteren JR;Avau H,"['select', 'inhibit', 'reproduct', 'aminopterintr', 'aminopterin', 'appli', 'freeliv', 'nematod']"
 382,Vanfleteren JR;Neirynck K;Huylebroeck D,"['nematod', 'chromosom', 'proteinsi', 'isol', 'chromatin', '1', 'procedur', 'describ', 'give', 'clean', 'chromatin']"
 383,Vanfleteren JR;Roets DE,"['influenc', 'anthelmint', 'drug', 'popul', 'drug', 'specif', 'intens', 'toxic', 'nematod']"
 385,von Ehrenstein G,"['model', 'system', 'development', 'biolog', 'behavior', 'german']"
 386,Wahab A,"['untersuchungen', 'uber', 'nematoden', 'den', 'drusen', 'de', 'kopf', 'der', 'german']"
 387,Ward S,"['chemotaxi', 'nematod', 'c', 'elegan', 'identif', 'nematod', 'caenorhabd', 'elegan', 'attract']"
 388,Ward S,"['use', 'mutant', 'analyz', 'sensori', 'nervou', 'system', 'isol', 'behaviour', 'mutant', 'organ']"
 389,Ward S,"['invertebr', 'neurogenet', '1967', 'benzer', 'demonstr', 'phototact', 'mutant']"
 390,Ward S,"['use', 'nematod', 'behavior', 'mutant', 'analysi', 'neural', 'soil', 'nematod', 'caenorhabd', 'elegan', 'select', '11']"
 391,Ward S,"['nematod', 'chemotaxi', 'chemoreceptor', 'small', 'sightless', 'worm', 'crawl', 'among', 'particl', 'soil']"
 392,Ward S;Carrel JS,"['fertil', 'sperm', 'competit', 'nematod', 'c', 'process', 'fertil', 'hermaphrodit', 'male']"
 393,Ward S;Miwa J,"['character', 'temperaturesensit', 'isol', 'character', 'three', 'caenorhabd']"
 394,Ward S;Thomson N;White JG;Brenner S,"['electron', 'microscop', 'reconstruct', 'anterior', 'complet', 'structur', 'anterior', 'sensori', 'nervou']"
 395,Ware RW;Clark D;Crossland K;Russell RL,"['nerv', 'ring', 'nematod', 'c', 'elegan', 'sensori', 'input', 'gener', 'organ', 'structur', 'nerv', 'ring']"
 397,Waterston RH;Brenner S,"['suppressor', 'mutat', 'nematod', 'act', 'specif', 'suppressor', 'mutat', 'isol', 'caenorhabd']"
 398,Waterston RH;Epstein HF;Brenner S,"['paramyosin', 'c', 'elegan', 'paramyosin', 'isol', 'nematod']"
 399,Waterston RH;Fishpool RM;Brenner S,"['mutant', 'affect', 'paramyosin', 'c', 'elegan', 'four', 'mutant', 'caenorhabd', 'elegan', 'abnorm', 'muscl']"
 400,Watson JE;Pinnock CB;Stokstad ELR;Hieb WF,"['nephelomet', 'measur', 'nematod', 'popul', 'nephelomet', 'measur', 'nematod', 'popul']"
 401,White JG;Albertson DG;Anness MAR,"['connect', 'chang', 'class', 'motoneuron', 'ventral', 'nerv', 'cord', 'nematod', 'caenorhabd']"
 402,White JG;Southgate E;Thomson JN;Brenner S,"['structur', 'ventral', 'nerv', 'cord', 'c', 'elegan', 'nervou', 'system', 'caenorhabd', 'elegan', 'arrang']"
 403,Wilson PAG,"['nematod', 'growth', 'pattern', 'moult', 'cycl', 'popul', 'growth', 'profil', 'caenorhabd', 'elegan']"
 404,Wolf N;Hirsh D;McIntosh JR,"['spermatogenesi', 'male', 'freeliv', 'nematod', 'c', 'studi', 'morpholog', 'spermatogenesi']"
 405,Wood WB,"['summari', 'workshop', 'nematod', 'workshop', 'nematod', 'present', 'current', 'research']"
 406,Wright DJ;Awan FA,"['acetylcholinesteras', 'activ', 'region', 'nematod', 'panagrellu', 'redivivu', 'caenorhabd', 'elegan', 'prionchulu']"
 407,Yarwood EA;Hansen EL,"['dauer', 'larva', 'caenorhabd', 'briggsa', 'axen', 'cultur', 'freeliv', 'hermaphrodit', 'nematod', 'caenorhabd']"
 409,Zuckerman BM,"['effect', 'procain', 'age', 'develop', 'freeliv', 'nematod', 'caenorhad', 'briggsa']"
 410,Zuckerman BM,"['nematod', 'model', 'age', 'studi', 'freeliv', 'nematod', 'caenorhad', 'briggsa']"
 411,Zuckerman BM;Barrett KA,"['effect', 'pchlorophenoxi', 'acet', 'acid', 'concentr', '68', 'mm', 'dmae', 'retard', 'age', 'pigment']"
 412,Zuckerman BM;Castillo JM;Deubert KH;Gunner HB,"['studi', 'growth', 'supplement', 'c', 'briggsa', 'freezedri', 'bacteria', 'isol', 'panagrellu', 'redivivu']"
 415,Zuckerman BM;Himmelhoch S;Kisiel M,"['fine', 'structur', 'chang', 'cuticl', 'adult', 'c', 'briggsa', 'cuticl', 'young', 'adult', 'caenorhabd', 'briggsa']"
 417,Zuckerman BM;Himmelhoch S;Nelson B;Epstein J;Kisiel M,"['age', 'c', 'briggsa', 'caenorhabd', 'briggsa', 'use', 'model', 'studi', 'age']"
 419,Zuckerman BM;Kahane I;Himmelhoch S,"['c', 'briggsa', 'c', 'elegan', 'partial', 'character', 'presenc', 'galactos', 'glucos', 'mannos']"
 420,Zuckerman BM;Nelson B;Kisiel M,"['specif', 'graviti', 'increas', 'c', 'briggsa', 'age', 'specif', 'graviti', 'old', 'caenorhabd', 'briggsa']"
 422,Cortese R;Melton D;Tranquilla T;Smith JD,"['clone', 'nematod', 'trna', 'gene', 'express', 'transfer', 'rna', 'gene', 'nematod', 'caenorhabd', 'elegan']"
 424,Cassada RC,"['dauer', 'larva', 'c', 'elegan', 'specif', 'development', 'develop', 'nematod', 'caenorhabd', 'elegan']"
 425,Melton DA;Cortese R,"['transcript', 'clone', 'trna', 'gene', 'nuclear', 'transcript', 'transfer', 'rna', 'gene', 'tdna']"
 426,Wood WB;Hecht R;Carr S;Vanderslice R;Wolf N;Hirsh D,"['parent', 'effect', 'phenotyp', 'character', 'genet', 'test', 'parent', 'effect', 'perform', '24']"
 427,Rose AM;Baillie DL,"['genet', 'organ', 'region', 'around', 'unc15i', 'gene', 'nematod', 'caenorhabd', 'elegan', 'mutant', 'gene']"
 429,Kampfe L,"['consumpt', 'oxygen', 'nematod', 'characterist', 'featur', 'respir', 'soilinhabit', 'nematod']"
 430,Brun J;Abdulkader N;Abirached M;Beguet B;Gibert M-A;Mounier,"['control', 'genetiqu', 'de', 'la', 'gametogenes', 'et', 'de', 'la', 'featur', 'respir', 'soilinhabit', 'nematod']"
 431,Hansen EL;Yarwood EA;Nicholas WL;Sayre FW,"['differenti', 'nutrit', 'requir', 'reproduct', 'caenorhabd', 'elegan', 'maupa', 'maintain']"
 432,Hansen EL;Perez-Mendez G,"['larg', 'scale', 'prepar', 'liver', 'growth', 'factor', 'cultiv', 'metazoa', 'bacteriafre', 'condit']"
 433,Hirsh D,"['temperatur', 'sensit', 'matern', 'effect', 'mutant', 'earli', 'isol', 'temperatur', 'sensit', 'matern', 'effect']"
 434,Kunz P;Klingler J,"['method', 'direct', 'microscop', 'observ', 'consider', 'progress', 'studi', 'orient', 'behaviour']"
 435,Laskey R;Lawrence P;De Robertis E,"['gene', 'develop', 'particip', 'two', 'day', 'talk', 'held', 'accademia']"
 436,MacLeod AR;Karn J;Waterston RH;Brenner S,"['unc54', 'myosin', 'heavi', 'chain', 'gene', 'c', 'elegan', 'model', 'small', 'free', 'live', 'soil', 'nematod', 'caenorhabd', 'elegan']"
 437,Popham JD;Webster JM,"['cadmium', 'toxic', 'free', 'live', 'nematod', 'c', 'elegan', 'effect', 'cadmium', 'fecund', 'growth', 'fine']"
 438,Smith SJ,"['structur', 'gene', 'myosin', 'closer', 'look', 'humbl', 'soild', 'nematod', 'caenorhabd', 'elegan', 'prove']"
 439,Sulston JE;Hodgkin J,"['diet', 'worm', 'five', 'year', 'ago', 'brenner', 'publish', 'extens', 'genet']"
 440,von Ehrenstein G;Schierenberg E;Miwa J,"['cell', 'lineag', 'wild', 'type', 'temperatur', 'sensit', 'caenorhabd', 'elegan', 'freeliv', 'nematod']"
 442,Zengel JM;Epstein HF,"['mutant', 'alter', 'coordin', 'synthesi', 'specif', 'myosin', 'mutat', 'unc52', 'gene', 'linkag', 'group', 'ii', 'retard']"
 443,Herman RK;Horvitz HR;Riddle DL,"['nematod', 'caenorhabd', 'elegan', 'mutat', 'unc52', 'gene', 'linkag', 'group', 'ii', 'retard']"
 444,Kimble J;Sulston J;White J,"['regul', 'develop', 'postembryon', 'lineag', 'c', 'mani', 'invertebr', 'cell', 'lineag', 'appar']"
 445,White JG;Horvitz HR,"['laser', 'microbeam', 'techniqu', 'biolog', 'research', 'microirradi', 'use', 'tool', 'probe', 'cell']"
 446,Hirsh D;Emmons SW;Files JG;Klass MR,"['stabil', 'c', 'elegan', 'genom', 'develop', 'recombin', 'dna', 'method', 'use', 'character']"
 447,Nelson GA;Ward S,"['vesicl', 'fusion', 'pseudopod', 'extens', 'amoeboid', 'motil', 'sodium', 'potassiumtransport', 'ionophor', 'monensin']"
 448,Schierenberg E;Miwa J;von Ehrenstein G,"['cell', 'lineag', 'development', 'defect', 'cellular', 'phenotyp', '11', 'temperaturesensit', 'mutant']"
 449,Miwa J;Schierenberg E;Miwa S;von Ehrenstein G,"['genet', 'mode', 'express', 'temperaturesensit', 'eleven', 'temperaturesensit', 'mutat', 'caus', 'arrest']"
 450,Laufer JS;Bazzicalupo P;Wood WB,"['segreg', 'development', 'potenti', 'earli', 'embryo', 'follow', 'appear', 'differenti', 'marker']"
 451,Cryan WS,"['method', 'axen', 'larg', 'number', 'nematod', 'studi', 'parasit', 'freeliv', 'nematod']"
 452,Pong SS;Wang CC;Fritz LC,"['studi', 'mechan', 'action', 'avermectin', 'b1a', 'avermectin', 'b1a', 'novel', 'macrocycl', 'lacton', 'antiparasit']"
 453,Madl JE;Herman RK,"['polyploid', 'sex', 'determin', 'c', 'elegan', 'tetraploid', 'stock', 'caenorhabd', 'elegan', 'var', 'bristol']"
 455,Dusenbery DB,"['respons', 'nematod', 'c', 'elegan', 'control', 'chemic', 'new', 'method', 'describ', 'studi', 'behavior']"
 456,Dusenbery DB,"['appetit', 'respons', 'nematod', 'c', 'elegan', 'oxygen', 'use', 'techniqu', 'record', 'behavior', 'individu']"
 457,Lewis JA,"['commentari', 'us', 'small', 'nematod', 'worm', 'genet', 'studi', 'le', 'complic', 'organ', 'like']"
 458,Gossett LA;Hecht RM,"['squash', 'techniqu', 'demonstr', 'embryon', 'nuclear', 'cleavag', 'simpl', 'squash', 'techniqu', 'develop', 'permit']"
 459,Abdulkader N;Brun JL,"['caracterist', 'genet', 'et', 'physiol', 'de', 'thermosensibilit', 'du', 'genet', 'physiolog', 'studi', 'made', '01']"
 460,Gandhi S;Santelli J;Mitchell DH;Stiles JW;Sanadi DR,"['simpl', 'method', 'maintain', 'larg', 'age', 'popul', 'paper', 'describ', 'techniqu', 'capabl', 'establish']"
 461,Waterston RH;Thomson JN;Brenner S,"['mutant', 'alter', 'muscl', 'structur', 'c', 'elegan', 'small', 'nematod', 'caenorhabd', 'elegan', 'mutant']"
 462,Sulston JE;Albertson DG;Thomson JN,"['c', 'elegan', 'male', 'postembryon', 'develop', 'nongonad', 'cell', 'male', 'nematod', 'caenorhabd']"
 463,Sulston JE;White JG,"['regul', 'cell', 'autonomi', 'postembryon', 'role', 'cellcel', 'interact', 'postembryon']"
 464,Lewis JA;Wu CH;Levine JH;Berg H,"['levamisoleresist', 'mutant', 'nematod', 'c', 'elegan', 'bodi', 'muscl', 'nematod', 'caenorhabd', 'elegan']"
 465,Cox GN;Laufer JS;Kusch M;Edgar RS,"['genet', 'phenotyp', 'character', 'roller', 'mutant', 'eightyeight', 'mutant', 'c', 'elegan', 'display', 'roller']"
 466,Abdulkader N;Brun J,"['temperaturesensit', 'mutant', 'c', 'elegan', 'var', 'bergerac', 'genet', 'physiolog', 'morpholog', 'anatom']"
 467,Dusenbery DB;Barr J,"['thermal', 'limit', 'chemotaxi', 'mutant', 'nematod', 'c', 'four', 'mutant', 'strain', 'nematod', 'caenorhabd', 'elegan']"
 468,Hosono R,"['studi', 'morpholog', 'c', 'elegan', 'mutant', 'c', 'elegan', 'wildtyp', 'nematod', 'caenorhabd', 'elegan']"
 469,Hosono R;Sato Y;Aizawa SI;Mitsui Y,"['agedepend', 'chang', 'mobil', 'separ', 'gener', 'believ', 'senesc', 'state']"
 470,Siddiqui SS;Babu P,"['genet', 'mosaic', 'c', 'elegan', 'tissuespecif', 'genet', 'mosaic', 'gener', 'xirradi']"
 471,Karn J;Brenner S;Barnett L;Cesareni G,"['novel', 'bacteriophag', 'lambda', 'clone', 'vector', 'simpl', 'method', 'gener', 'phage', 'collect']"
 473,von Ehrenstein G;Schierenberg E,"['cell', 'lineag', 'develop', 'c', 'elegan', 'studi', 'develop', 'nematod', 'began', '100']"
 474,Zengel JM;Epstein HF,"['muscl', 'develop', 'c', 'elegan', 'molecular', 'genet', 'muscl', 'contract', 'one', 'fundament', 'process']"
 475,Dusenbery DB,"['behavior', 'freeliv', 'nematod', 'nematod', 'form', 'import', 'group', 'anim']"
 476,Johnson CD;Stretton AOW,"['neural', 'control', 'locomot', 'ascari', 'anatomi', 'locomotori', 'behavior', 'investig', 'wide', 'varieti']"
 477,Willett JD,"['control', 'mechan', 'nematod', 'complet', 'inform', 'regard', 'detail', 'control']"
 478,Herman RK;Horvitz HR,"['genet', 'analysi', 'c', 'elegan', 'larg', 'effort', 'sydney', 'brenner', 'mani']"
 479,Riddle DL,"['development', 'genet', 'c', 'elegan', 'caenorhabd', 'elegan', 'wide', 'accept', 'import']"
 480,Siddiqui SS;von Ehrenstein G,"['biochem', 'genet', 'c', 'elegan', 'addit', 'extens', 'studi', 'class', 'mutant']"
 481,Dusenbery DB,"['chemotact', 'behavior', 'mutant', 'nematod', 'c', 'elegan', 'wildtyp', 'c', 'elegan', 'seven', 'deriv', 'strain']"
 482,Kass IS;Wang CC;Walrond JP;Stretton AOW,"['avermectin', 'b1a', 'paralyz', 'anthelmint', 'affect', 'avermectin', 'b1a', 'avm', 'antiparasit', 'agent']"
 483,Stinchcomb DT;Thomas M;Kelly J;Selker E;Davis RW,"['eukaryot', 'dna', 'segment', 'capabl', 'autonom', 'replic', 'select', 'scheme', 'present', 'isol', 'sequenc']"
 484,Lewis JA;Wu CH;Berg H;Levine JH,"['genet', 'levamisol', 'resist', 'nematod', 'c', 'character', 'small', 'group', 'gene', '13', 'locu']"
 485,Mackenzie JM Jr;Epstein HF,"['paramyosin', 'necessari', 'determin', 'nematod', 'thick', 'nematod', 'construct', 'thick', 'filament', 'bodywal', 'muscl']"
 486,Greenwald IS;Horvitz HR,"['unc93e1500', 'behavior', 'mutant', 'c', 'elegan', 'uncoordin', 'egglayingdefect', 'mutat']"
 487,Mounier N;Brun J,"['cytogenet', 'analysi', 'steril', 'mutant', 'c', 'elegan', 'regul', 'gametogenesi', 'hermaphrodit']"
 488,Zengel JM;Epstein HF,"['identif', 'genet', 'element', 'associ', 'muscl', 'search', 'new', 'mutant', 'alter', 'bodywal', 'muscl', 'cell']"
 489,Laufer JS;von Ehrenstein G,"['nematod', 'develop', 'remov', 'egg', 'cytoplasm', 'embryo', 'caenorhabd', 'elegan', 'develop', 'fertil']"
 490,Willett JD;Rahim I;Geist M;Zuckerman BM,"['cyclic', 'nucleotid', 'exud', 'nematod', 'effect', 'level', 'cyclic', 'nucleotid', 'camp', 'cgmp']"
 491,Edgar RS,"['genet', 'develop', 'nematod', 'c', 'elegan', 'freeliv', 'nematod', 'caenorhabd', 'elegan']"
 492,Emmons SW;Rosenzweig B;Hirsh D,"['arrang', 'repeat', 'sequenc', 'dna', 'arrang', 'repeat', 'sequenc', 'dna']"
 493,Bhat SG;Babu P,"['mutagen', 'sensit', 'kynureninas', 'mutant', 'nematod', 'mutant', 'gene', 'flu2', 'freeliv', 'nematod']"
 494,Kimble JE;White JG,"['control', 'germ', 'cell', 'develop', 'c', 'elegan', 'hatch', 'germ', 'line', 'progenitor', 'cell', 'c']"
 495,Argon Y;Ward S,"['c', 'elegan', 'fertilizationdefect', 'mutant', 'abnorm', 'seven', 'new', 'fertilizationdefect', 'mutant', 'c', 'elegan']"
 496,Horvitz HR;Sulston JE,"['isol', 'genet', 'character', 'celllineag', 'twentyfour', 'mutant', 'alter', 'normal', 'invari']"
 497,Meneely PM;Herman RK,"['suppress', 'function', 'xlink', 'lethal', 'steril', 'expand', 'collect', 'recess', 'lethal']"
 498,Hodgkin J,"['sexdetermin', 'mutant', 'c', 'elegan', 'sex', 'determin', 'caenorhabd', 'elegan', 'control']"
 499,Moerman DG;Baillie DL,"['formaldehyd', 'mutagenesi', 'nematod', 'c', 'elegan', 'found', 'formaldehyd', 'capabl', 'induc']"
 500,Sulston JE;Horvitz HR,"['abnorm', 'cell', 'lineag', 'mutant', 'nematod', 'c', 'phenotyp', 'cell', 'lineag', 'mutant', 'nematod']"
 501,Cassada R;Isnenghi E;Culotti M;von Ehrenstein G,"['genet', 'analysi', 'temperaturesensit', 'embryogenesi', 'larg', 'set', 'temperaturesensitv', 't', 'embryon', 'arrest']"
 502,Chalfie M;Sulston J,"['development', 'genet', 'mechanosensori', 'neuron', 'c', 'touch', 'sensit', 'nematod', 'caenorhabd', 'elegan']"
 503,Albert PS;Brown SJ;Riddle DL,"['sensori', 'control', 'dauer', 'larva', 'format', 'c', 'elegan', 'sensori', 'respons', 'starvat', 'overcrowd']"
 504,Riddle DL;Swanson MM;Albert PS,"['interact', 'gene', 'nematod', 'dauer', 'larva', 'format', 'dauer', 'larva', 'caenorhabd', 'elegan']"
 505,Swanson MM;Riddle DL,"['critic', 'period', 'develop', 'c', 'elegan', 'dauer', 'dauer', 'larva', 'caenorhabd', 'elegan']"
 506,Bolanowski MA;Russell RL;Jacobson LA,"['quantit', 'measur', 'age', 'nematod', 'c', 'elegan', 'first', 'step', 'quantit', 'character']"
 507,Chalfie M;Horvitz HR;Sulston JE,"['mutat', 'lead', 'reiter', 'cell', 'lineag', 'cell', 'nematod', 'caenorhabd', 'elegan', 'aris']"
 508,Hecht RM;Schomer DF;Oro JA;Bartel AH;Hungerford III EV,"['simpl', 'adapt', 'extend', 'rang', 'flow', 'cytometri', 'procedur', 'instrument', 'describ', 'extend']"
 509,MacLeod AR;Karn J;Brenner S,"['molecular', 'analysi', 'unc54', 'myosin', 'heavychain', 'gene', 'properti', 'small', 'intern', 'delet', 'mutant', 'e675']"
 510,Hecht RM;Gossett LA;Jeffery WR,"['ontogeni', 'matern', 'newli', 'transcrib', 'mrna', 'analyz', 'present', 'investig', 'examin', 'titer']"
 511,Cox GN;Kusch M;DeNevi K;Edgar RS,"['tempor', 'regul', 'cuticl', 'synthesi', 'develop', 'pattern', 'cuticl', 'protein', 'synthesi', 'develop']"
 512,Klass MR;Hirsh D,"['sperm', 'isol', 'biochem', 'analysi', 'major', 'sperm', 'order', 'facilit', 'biochem', 'analysi']"
 513,Johnson CD;Duckett JG;Culotti JG;Herman RK;Meneely,"['acetylcholinesterasedefici', 'mutant', 'nematod', 'c', 'within', 'set', 'five', 'separ', 'molecular', 'form']"
 514,Culotti JG;von Ehrenstein G;Culotti MR;Russell RL,"['second', 'class', 'acetylcholinesterasedefici', 'mutant', 'johnson', 'et', 'al', '1981', 'caenorhabd', 'elegan', 'mutant']"
 515,Waterston RH,"['second', 'inform', 'suppressor', 'sup7', 'x', 'c', 'elegan', '30', 'independ', 'suppressor', 'mutat']"
 516,Files JG;Hirsh D,"['ribosom', 'dna', 'c', 'elegan', 'character', 'organ', 'gene']"
 517,Cox GN;Kusch M;Edgar RS,"['cuticl', 'c', 'elegan', 'isol', 'partial', 'adult', 'cuticl', 'soil', 'nematod', 'caenorhabd']"
 518,Babu P;Brenner S,"['spectrum', '32pinduc', 'mutant', 'c', 'elegan', 'mutant', 'free', 'live', 'nematod', 'c', 'elegan']"
 520,Yeargers E,"['effect', 'gammaradi', 'dauer', 'larva', 'c', 'elegan', 'caenorhabd', 'elegan', 'ideal', 'organ', 'studi']"
 521,Bollinger JA;Willett JD,"['method', 'synchroni', 'adult', 'c', 'elegan', 'two', 'way', 'obtain', 'popul', 'adult']"
 522,Khan FR;McFadden BA,"['rapid', 'method', 'synchron', 'development', 'stage', 'c', 'biochem', 'studi', 'freeliv', 'nematod', 'c', 'elegan']"
 523,Cox GN;Staprans S;Edgar RS,"['cuticl', 'c', 'elegan', 'ii', 'stagespecif', 'chang', 'cuticl', 'freeliv', 'nematod', 'caenorhabd']"
 524,Kimble J,"['alter', 'cell', 'lineag', 'follow', 'laser', 'ablat', 'postembryon', 'cell', 'lineag', 'somat', 'gonad']"
 525,Kimble JE,"['strategi', 'control', 'pattern', 'format', 'c', 'elegan', 'paper', 'strategi', 'control', 'pattern', 'format']"
 526,Mounier N,"['locat', 'neurosecretorylik', 'materi', 'c', 'elegan', 'distribut', 'neurosecretorylik', 'materi']"
 527,Russell RL,"['mutant', 'neurotransmitt', 'metabol', 'action', 'chapter', 'part', 'review', 'work', 'other']"
 528,Sternberg PW;Horvitz HR,"['gonad', 'cell', 'lineag', 'nematod', 'panagrellu', 'redivivu', 'explor', 'natur', 'cell', 'lineag', 'modif']"
 529,Ward S;Argon Y;Nelson GA,"['sperm', 'morphogenesi', 'wildtyp', 'take', 'advantag', 'condit', 'allow', 'spermatogenesi']"
 530,Rand JB;Johnson CD,"['singlevi', 'biphas', 'liquid', 'extract', 'assay', 'cholin', 'singlevi', 'liquid', 'extract', 'assay', 'cholin']"
 531,Wright KA;Thomson JN,"['buccal', 'capsul', 'c', 'elegan', 'nematoda', 'rhabditoidea', 'buccal', 'caviti', 'freeliv', 'nematod']"
 532,Ouazana R;Herbage D,"['biochem', 'character', 'cuticl', 'collagen', 'protein', 'purifi', 'cuticl', 'adult', 'small']"
 533,Siddiqui SS;Babu P,"['kynurenin', 'hydroxylas', 'mutant', 'nematod', 'c', 'elegan', 'relat', 'intestin', 'autofluoresc', 'tryptophan']"
 534,Goldstein P;Slaton DE,"['synaptonem', 'complex', 'c', 'elegan', 'comparison', 'normal', 'synaptonem', 'complex', 'sc', 'consist', 'two']"
 535,Butler MH;Wall SM;Luehrsen KR;Fox GE;Hecht RM,"['molecular', 'relationship', 'close', 'relat', 'strain', 'electrophoret', 'comparison', 'made', '24', 'enzym']"
 536,Nelson GA;Roberts TM;Ward S,"['c', 'elegan', 'spermatozoan', 'locomot', 'amoeboid', 'movement', 'pseudopod', 'caenorhabd', 'elegan', 'spermatozoon', 'move']"
 537,Roberts TM;Ward S,"['centripet', 'flow', 'pseudopodi', 'surfac', 'compon', 'could', 'latex', 'bead', 'wheat', 'germ', 'agglutinin', 'wga', 'use']"
 538,Fodor A;Deak P;Kiss I,"['competit', 'juvenil', 'hormon', 'antagonist', 'precocen', 'precocen', 'ii', 'caus', 'high', 'adult', 'mortal', 'drastic']"
 539,Ciliberto G;Traboni C;Cortese R,"['relationship', 'two', 'compon', 'split', 'plasmid', 'contain', 'eukaryot', 'trna', 'gene', 'faith']"
 540,Ciliberto G;Castagnoli L;Melton DA;Cortese R,"['promot', 'eukaryot', 'trnapro', 'gene', 'compos', 'three', '71basepair', 'code', 'sequenc', 'trnapro', 'gene']"
 541,Strome S;Wood WB,"['immunofluoresc', 'visual', 'germlinespecif', 'use', 'fluoresc', 'antibodi', 'stain', 'follow']"
 542,Mackenzie JM Jr;Epstein HF,"['electron', 'microscopi', 'nematod', 'thick', 'filament', 'thick', 'filament', 'isol', 'bodywal']"
 543,Cassada R;Isnenghi E;Denich K;Radnia K;Schierenberg E;von,"['genet', 'dissect', 'embryogenesi', 'c', 'elegan', 'complex', 'process', 'embryogenesi', 'simpl', 'nematod']"
 544,Edgar RS;Cox GN;Kusch M;Politz JC,"['cuticl', 'c', 'elegan', 'nematod', 'cuticl', 'among', 'complex']"
 545,Ward S;Roberts TM;Nelson GA;Argon Y,"['develop', 'motil', 'c', 'elegan', 'spermatozoon', 'nematod', 'sperm', 'puzzl', 'zoologist', 'nearli', 'centuri']"
 546,Wood WB;Laufer JS;Strome S,"['development', 'determin', 'embryo', 'c', 'elegan', 'c', 'elegan', 'prove', 'uus', 'studi', 'cell']"
 547,Riddle DL,"['development', 'biolog', 'c', 'elegan', 'symposium', 'mani', 'nematologist', 'seem', 'interest']"
 548,Horvitz HR;Sternberg PW,"['nematod', 'postembryon', 'cell', 'lineag', 'complet', 'postembryon', 'cell', 'lineag', 'freeliv']"
 549,Lew KK;Chritton S;Blumberg PM,"['biolog', 'respons', 'phorbol', 'ester', 'suitabl', 'genet', 'studi']"
 550,Chalfie M;Thomson JN,"['structur', 'function', 'divers', 'neuron', 'tannic', 'acid', 'fixat', 'reveal', 'differ', 'number']"
 551,Robertson AMG;Thomson JN,"['morpholog', 'program', 'cell', 'death', 'ventral', 'nerv', 'nematod', 'caenorhabd', 'elegan', 'cell', 'undergo']"
 552,Horvitz HR;Chalfie M;Trent C;Sulston JE;Evans PD,"['serotonin', 'octopamin', 'nematod', 'c', 'elegan', 'biogen', 'amin', 'serotonin', 'octopamin', 'present']"
 554,Rosenbluth RE;Baillie DL,"['genet', 'analysi', 'reciproc', 'transloc', 'caenorhabd', 'elegan', 'mutat', 'e873', 'result']"
 555,Popham JD;Webster JM,"['ultrastructur', 'chang', 'c', 'elegan', 'nematoda', 'caus', 'mercuri', 'toxic', 'caenorhabd', 'elegan', 'show']"
 556,DeCuyper C;Vanfleteren JR,"['nutrit', 'alter', 'life', 'span', 'nematod', 'c', 'longev', 'freeliv', 'nematod', 'caenorhabd']"
 557,Shulkin DJ;Zuckerman BM,"['spectrofluorometr', 'analysi', 'effect', '413', 'mean', 'decreas', 'lipofuscin', 'found']"
 558,Roberts TM;Ward S,"['membran', 'flow', 'nematod', 'spermiogenesi', 'two', 'distinct', 'type', 'surfac', 'membran', 'rearrang', 'occur']"
 559,Ward S;Klass M,"['locat', 'major', 'protein', 'c', 'elegan', 'sperm', 'use', 'affinitypurifi', 'antibodi', 'major', 'sperm']"
 560,Chalfie M,"['microtubul', 'structur', 'c', 'elegan', 'neuron', 'microtubul', 'mt', 'ubiquit', 'compon', 'neuron']"
 561,Gossett LA;Hecht RM;Epstein HF,"['muscl', 'differenti', 'normal', 'cleavagearrest', 'differenti', 'bodywal', 'muscl', 'cell', 'studi']"
 562,Hedgecock EM;Thomson JN,"['gene', 'requir', 'nuclear', 'mitochondri', 'attach', 'nucleu', 'occupi', 'characterist', 'posit', 'cell']"
 563,Kimble J;Hodgkin J;Smith T;Smith J,"['suppress', 'amber', 'mutat', 'microinject', 'inform', 'suppress', 'nonsens', 'suppressor', 'trna']"
 564,Greenwald IS;Horvitz HR,"['domin', 'suppressor', 'muscl', 'mutant', 'defin', 'essenti', 'sup11', '1', 'locu', 'c', 'elegan', 'defin', 'rare']"
 565,Hartman PS;Herman RK,"['radiationsensit', 'mutant', 'c', 'elegan', 'nine', 'rad', 'abnorm', 'radiat', 'sensit', 'mutant']"
 566,Klass M;Dow B;Herndon M,"['cellspecif', 'transcript', 'regul', 'major', 'sperm', 'major', 'protein', 'found', 'nematod', 'sperm', 'exhibit']"
 567,Sternberg PW;Horvitz HR,"['postembryon', 'nongonad', 'cell', 'lineag', 'nematod', 'postembryon', 'nongonad', 'cell', 'lineag', 'nematod']"
 568,Horvitz HR;Ellis HM;Sternberg PW,"['program', 'cell', 'death', 'nematod', 'develop', 'phenomenon', 'program', 'cell', 'death', 'occur']"
 569,Kramer JM;Cox GN;Hirsh D,"['comparison', 'complet', 'sequenc', 'two', 'collagen', 'gene', 'sever', 'collagen', 'gene', 'isol', 'nematod']"
 570,McLachlan AD;Karn J,"['period', 'charg', 'distribut', 'myosin', 'rod', 'amino', 'acid', 'amino', 'acid', 'sequenc', 'rod', 'portion', 'nematod']"
 571,Moerman DG;Plurad S;Waterston RH;Baillie DL,"['mutat', 'unc54', 'myosin', 'heavi', 'chain', 'gene', 'c', 'revers', 'analysi', 'mutant', 'unc22', 'iv', 'gene']"
 572,Horvitz HR,"['factor', 'influenc', 'neural', 'develop', 'nematod', 'neuron', 'nematod', 'gener', 'invari', 'cell']"
 573,Epstein HF;Miller DM III;Gossett LA;Hecht RM,"['immunolog', 'studi', 'myosin', 'isoform', 'nematod', 'much', 'meet', 'devot', 'studi', 'multigen']"
 574,Hecht RM;Wall SM;Schomer DF;Oro JA;Bartel AH,"['dna', 'replic', 'may', 'uncoupl', 'nuclear', 'cellular', 'nuclear', 'dna', 'content', '18', 'temperaturesensit']"
 575,Waterston RH;Moerman DG;Baillie DL;Lane TR,"['mutat', 'affect', 'myosin', 'heavi', 'chain', 'accumul', 'small', 'nematod', 'caenorhabd', 'elegan', 'subject']"
 576,Fodor A;Deak P,"['isol', 'phenocrit', 'periodanalysi', 'condit', 'fortyf', 'condit', 'noncondit', 'delet']"
 577,Herman RK;Kari CK;Hartman PS,"['domin', 'xchromosom', 'nondisjunct', 'mutant', 'c', 'elegan', 'eight', 'domin', 'xchromosom', 'nondisjunct', 'mutant']"
 578,White JG;Horvitz HR;Sulston JE,"['neuron', 'differenti', 'cell', 'lineag', 'mutant', 'c', 'nematod', 'caenorhabd', 'elegan', 'develop']"
 579,Waterston RH;Smith KC;Moerman DG,"['genet', 'fine', 'structur', 'analysi', 'myosin', 'heavi', 'chain', 'take', 'advantag', 'rel', 'eas', 'detect', 'singl']"
 580,Hosono R;Mitsui Y;Sato Y;Aizawa S;Miwa J,"['life', 'span', 'wild', 'mutant', 'nematod', 'c', 'elegan', 'surviv', 'caenorhabd', 'elegan', 'studi']"
 581,Roberts TM;Ward S,"['direct', 'membran', 'flow', 'pseudopod', 'c', 'elegan', 'cap', 'crosslink', 'surfac', 'receptor']"
 582,Khan FR;McFadden BA,"['c', 'elegan', 'decay', 'isocitr', 'lyas', 'larval', 'chang', 'level', 'isocitr', 'lyas', 'malat', 'synthas']"
 583,Miwa J;Tabuse Y;Furusawa M;Yamasaki H,"['tumor', 'promot', 'specif', 'revers', 'disturb', 'effect', 'phorbol', 'ester', 'tumor', 'promot']"
 584,Huang S-P;Tattar TA;Rohde RA;Zuckerman BM,"['c', 'elegan', 'effect', '5hydroxytryptophan', 'dopamin', '5hydroxytryptophan', '5htp', 'introduc']"
 585,Davis BO;Anderson GL;Dusenbery DB,"['total', 'luminesc', 'spectroscopi', 'fluoresc', 'chang', 'total', 'luminesc', 'spectroscopi', 'employ']"
 587,Shepherd AM,"['interpret', 'sperm', 'develop', 'nematod', 'increas', 'use', 'electron', 'microscop', 'studi']"
 588,Johnson TE;Wood WB,"['genet', 'analysi', 'lifespan', 'c', 'elegan', 'cross', 'bristol', 'bergerac', 'strain']"
 589,Ohba K;Ishibashi N,"['effect', 'procain', 'develop', 'longev', 'medium', 'contain', '20', 'mgml', 'procainehcl', 'juvenil']"
 590,Golden JW;;Riddle DL,"['pheromon', 'influenc', 'larval', 'develop', 'nematod', 'caenorhabditisspecif', 'pheromon', 'food', 'suppli']"
 591,Abdulkader N;Gibert M-A;Starck J;Bosch C;Brun J,"['temperaturesensit', 'mutat', 'c', 'elegan', 'steril', 'caenorhabditisspecif', 'pheromon', 'food', 'suppli']"
 592,Rogalski TM;Moerman DG;Baillie DL,"['essenti', 'gene', 'defici', 'unc22', 'iv', 'region', 'five', 'formaldehydeinduc', 'defici', 'uncov', 'unc22']"
 593,Rinker DL;Bloom JR,"['phoresi', 'mushroominfest', 'fli', 'two', 'freeliv', 'nematod', 'pest', 'commerci', 'mushroom']"
 594,Chitwood DJ;Lusby WR;Lozano R;Thompson MJ;Svoboda JA,"['sterol', 'metabol', 'nematod', 'c', 'elegan', 'metabol', 'variou', 'dietari', 'sterol', 'effect']"
 596,Nelson FK;Albert PS;Riddle DL,"['fine', 'structur', 'c', 'elegan', 'secretoryexcretori', 'secretoryexcretori', 'system', 'c', 'elegan', 'reconstruct']"
 597,Hartman PS;Herman RK,"['somat', 'damag', 'x', 'chromosom', 'nematod', 'c', 'wildtyp', 'male', 'embryo', 'young', 'larva', 'nematod']"
 598,Himmelhoch S;Zuckerman BM,"['xiphinema', 'index', 'c', 'elegan', 'prepar', 'molecular', 'method', 'orient', 'nematod']"
 599,DeCuyper C;Vanfleteren JR,"['oxygen', 'consumpt', 'develop', 'age', '1', 'oxygen', 'consumpt', 'measur', 'four', 'juvenil']"
 600,Goldstein P,"['synaptonem', 'complex', 'c', 'elegan', 'pachyten', 'five', 'synaptonem', 'complex', 'sc', 'repres', '5']"
 601,Rose AM;Baillie DL;Candido EPM;Beckenbach KA;Nelson D,"['linkag', 'map', 'clone', 'restrict', 'fragment', 'length', 'genom', 'dna', 'two', 'close', 'relat', 'strain']"
 602,Emmons SW;Yesner L;Ruan K-S;Katzenberg D,"['evid', 'transposon', 'c', 'elegan', 'c', 'elegan', 'genom', 'contain', '17', 'kb', 'repeat', 'dna']"
 603,Albertson DG;Thomson JN,"['kinetochor', 'c', 'elegan', 'light', 'microscopi', 'mitot', 'chromosom']"
 604,Kumazaki T;Hori H;Osawa S;Ishii N;Suzuki K,"['nucleotid', 'sequenc', '5', 'rrna', 'rotif', 'nucleotid', 'sequenc', '5', 'rrna', 'rotif']"
 605,Hutzell PA;Krusberg LR,"['fatti', 'acid', 'composit', 'c', 'elegan', 'c', 'briggsa', '1', 'lipid', 'account', '196', '221', 'dri', 'weight']"
 606,Vanfleteren JR,"['nematod', 'chromosom', 'protein', 'ii', 'fraction', '1', 'whole', 'histon', 'nematod', 'caenorhabd', 'elegan']"
 607,Spence AM;Malone KMB;Novak MMA;Woods RA,"['effect', 'mebendazol', 'growth', 'develop', 'mebendazol', 'inhibit', 'growth', 'reproduct', 'capac']"
 608,Hodgkin J,"['male', 'phenotyp', 'mate', 'effici', 'c', 'elegan', 'mate', 'behavior', 'adult', 'male', 'nematod', 'assay']"
 609,Hosono R;Hirahara K;Kuno S;Kurihara T,"['mutant', 'c', 'elegan', 'dumpi', 'round', 'head', 'mutat', 'bear', 'morpholog', 'alter', 'head']"
 610,Tranquilla TA;Cortese R;Melton D;Smith JD,"['sequenc', 'four', 'trna', 'gene', 'c', 'elegan', 'four', 'trna', 'gene', 'identifi', 'clone', 'segment']"
 611,Files JG;Carr S;Hirsh D,"['actin', 'gene', 'famli', 'c', 'elegan', 'four', 'actin', 'gene', 'isol', 'caenorhabd']"
 612,McLachlan AD;Karn J,"['period', 'featur', 'amino', 'acid', 'sequenc', 'nematod', 'properti', 'amino', 'acid', 'sequenc', 'nematod']"
 613,Waterston RH;Bolten S;Sive HL;Moerman DG,"['mutat', 'alter', 'myosin', 'c', 'elegan', 'studi', 'myogenesi', 'muscl', 'contract']"
 614,Sharrock WJ,"['yolk', 'protein', 'c', 'elegan', 'group', 'protein', 'judg', 'sever', 'criterion', 'yolk']"
 615,Kimble J;Sharrock WJ,"['tissuespecif', 'synthesi', 'yolk', 'protein', 'c', 'elegan', 'primari', 'site', 'yolk', 'protein', 'synthesi', 'nematod']"
 616,Schierenberg E,"['develop', 'nematod', 'c', 'elegan', 'caenorhabd', 'elegan', 'freeliv', 'nonparasit']"
 618,Wood WB;Strome S;Laufer JS,"['local', 'determin', 'embryo', 'c', 'elegan', '100', 'year', 'ago', 'earli', 'european', 'embryologist']"
 619,Rosenbluth RE;Cuddeford C;Baillie DL,"['mutagenesi', 'caenorhabd', 'elegan', 'rapid', 'advantag', 'develop', 'mutagen', 'test', 'use']"
 620,Ambros V;Horvitz HR,"['heterochron', 'mutant', 'nematod', 'c', 'elegan', 'mutat', 'caenorhabd', 'elegan', 'gene', 'lin14']"
 621,Schierenberg E;Cassada R,"['cell', 'divis', 'pattern', 'cell', 'diversif', 'mutat', 'caenorhabd', 'elegan', 'gene', 'lin14']"
 622,Culotti JG;Klein WL,"['occurr', 'muscarin', 'acetylcholin', 'receptor', 'crude', 'homogen', 'nematod', 'worm', 'caenorhabd']"
 623,Zuckerman BM;Geist MA,"['effect', 'vitamin', 'e', 'nematod', 'c', 'elegan', 'vitamin', 'e', '200', 'ugml', 'significantli', 'extend', 'mean']"
 624,Wolf N;Priess J;Hirsh D,"['segreg', 'germlin', 'granul', 'earli', 'embryo', 'c', 'use', 'improv', 'fixat', 'method', 'electron', 'microscopi']"
 625,Gabius HG;Graupner G;Cramer F,"['activ', 'pattern', 'amino', 'acyltrna', 'synthetas', 'trna', 'step', 'character', 'develop', 'age']"
 626,Bazzicalupo P,"['c', 'elegan', 'model', 'system', 'studi', 'nematod', 'nematod', 'larg', 'group', 'anim', 'estim']"
 627,Hedgecock EM;Sulston JE;Thomson JN,"['mutat', 'affect', 'program', 'cell', 'death', 'nematod', 'mutat', 'two', 'nonessenti', 'gene', 'specif', 'block']"
 628,Russnak RH;Jones D;Candido EPM,"['clone', 'analysi', 'cdna', 'sequenc', 'code', 'two', '16', 'nucleotid', 'sequenc', 'two', 'differ', 'cdna', 'cehs48']"
 629,Chalfie M;Thomson JN;Sulston JE,"['induct', 'neuron', 'branch', 'c', 'elegan', 'two', 'postembryon', 'touch', 'receptor', 'neuron']"
 630,Hodgkin J,"['two', 'type', 'sex', 'determin', 'nematod', 'sex', 'nematod', 'caenorhabd', 'elegan', 'normal']"
 631,Liao LW;Rosenzweig B;Hirsh D,"['analysi', 'transpos', 'element', 'c', 'elegan', 'transpos', 'element', 'design', 'tc1']"
 632,Tabuse Y;Miwa J,"['gene', 'involv', 'action', 'tumor', 'promot', 'identifi', 'isol', 'mutant', 'nematod', 'caenorhabd', 'elegan']"
 633,Edwards MK;Wood WB,"['locat', 'specif', 'messeng', 'rna', 'c', 'elegan', 'develop', 'autoradiograph', 'techniqu']"
 634,Ward S;Hogan E;Nelson GA,"['initi', 'spermiogenesi', 'nematod', 'c', 'spermiogenesi', 'nematod', 'involv', 'activ']"
 635,Trent C;Tsung N;Horvitz HR,"['egglay', 'defect', 'mutant', 'nematod', 'c', 'elegan', 'isol', '144', 'mutant', 'defect', 'egglay']"
 636,Karn J;Brenner S;Barnett L,"['protein', 'structur', 'domain', 'c', 'elegan', 'unc54', 'myosin', '1966amino', 'acid', 'unc54', 'myosin', 'heavi', 'chain', 'sequenc']"
 637,Johnson TE,"['age', 'c', 'elegan', '1966amino', 'acid', 'unc54', 'myosin', 'heavi', 'chain', 'sequenc']"
 638,Yamaguchi Y;Murakami K;Furusawa M;Miwa J,"['germlinespecif', 'antigen', 'identifi', 'monoclon', '27', 'monoclon', 'antibodi', 'identifi', 'react']"
 639,Snutch TP;Baillie DL,"['alter', 'pattern', 'gene', 'express', 'follow', 'exposur', 'nematod', 'caenorhabd', 'elegan', 'elev']"
 640,Rosenzweig B;Liao LW;Hirsh D,"['sequenc', 'c', 'elegan', 'transpos', 'element', 'tc1', 'complet', 'nucleotid', 'sequenc', 'determin', 'tc1']"
 641,Himmelhoch S;Zuckerman BM,"['c', 'elegan', 'charact', 'neg', 'charg', 'group', 'partial', 'character', 'carboxyl', 'sulfat']"
 642,Johnson CD;Russell RL,"['multipl', 'molecular', 'form', 'acetylcholinesteras', 'extract', 'nematod', 'caenorhabd', 'elegan', 'contain']"
 643,Hirsh D;Files JG;Carr SH,"['isol', 'genet', 'map', 'actin', 'gene', 'c', 'nematod', 'caenorhabd', 'elegan', 'contain', 'small', 'genom']"
 644,Karn J;McLachlan AD;Barnett L,"['unc54', 'myosin', 'heavychain', 'gene', 'c', 'elegan', 'genet', 'nematod', 'caenorhabd', 'elegan', 'contain', 'small', 'genom']"
 645,Epstein HF;Berman SA;Miller DM III,"['myosin', 'synthesi', 'assembl', 'nematod', 'bodywal', 'muscl', 'myosin', 'central', 'piec', 'protein', 'machineri']"
 646,Greenwald IS;Sternberg PW;Horvitz HR,"['lin12', 'locu', 'specifi', 'cell', 'fate', 'c', 'elegan', 'describ', 'two', 'class', 'mutat', 'lin12', 'locu']"
 647,Miller DM III;Ortiz I;Berliner GC;Epstein HF,"['differenti', 'local', 'two', 'myosin', 'within', 'nematod', 'bodi', 'wall', 'muscl', 'cell', 'nematod', 'caenorhabd']"
 648,Ohba K;Ishibashi N,"['factor', 'induc', 'dauer', 'juvenil', 'format', 'c', 'elegan', 'caenorhabd', 'elegan', 'induc', 'form', 'true', 'dauer']"
 649,Strome S;Wood WB,"['gener', 'asymmetri', 'segreg', 'germlin', 'germlin', 'granul', 'c', 'elegan', 'embryo', 'p', 'granul']"
 650,Albert PS;Riddle DL,"['development', 'alter', 'sensori', 'neuroanatomi', 'c', 'anterior', 'sensori', 'ultrastructur', 'c', 'elegan', 'dauer']"
 651,McLachlan AD,"['analysi', 'gene', 'duplic', 'repeat', 'myosin', 'rod', 'helic', 'coiledcoil', 'region', 'myosin', 'rod']"
 652,Kenyon CJ,"['pattern', 'symmetri', 'surpris', 'develop', 'c', 'cours', 'metazoan', 'develop', 'gener']"
 653,Sulston JE;Schierenberg E;White JG;Thomson JN,"['embryon', 'cell', 'lineag', 'nematod', 'c', 'elegan', 'embryon', 'cell', 'lineag', 'caenorhabd', 'elegan']"
 654,Sanford T;Golomb M;Riddle DL,"['rna', 'polymeras', 'ii', 'wild', 'type', 'dnadepend', 'rna', 'polymeras', 'ii', 'iii']"
 655,Roberts TM,"['crawl', 'c', 'elegan', 'spermatozoon', 'contact', 'substrat', 'locomot', 'c', 'elegan', 'spermatozoon', 'resembl', 'mani']"
 656,Burke DJ;Ward S,"['identif', 'larg', 'multigen', 'famili', 'encod', 'dna', 'fragment', 'correspond', 'gene', 'encod', 'msp']"
 657,Vanfleteren JR;Van Beeumen JJ,"['nematod', 'chromosom', 'proteinsiii', 'structur', 'histon', 'caenorhabd', 'elegan', 'nematoda']"
 658,Klass M;Nguyen PN;Dechavigny A,"['age', 'correl', 'chang', 'dna', 'templat', 'nematod', 'analysi', 'dna', 'nematod', 'caenorhabd', 'elegan']"
 659,Klass MR,"['method', 'isol', 'longev', 'mutant', 'freeliv', 'nematod', 'caenorhabd', 'elegan', 'use']"
 660,Starck J;Gibert M-A;Brun J;Bosch C,"['ribosom', 'rna', 'synthesi', 'process', 'oogenesi', '1', 'pattern', 'rna', 'synthesi', 'oogenesi']"
 661,Isnenghi E;Cassada R;Smith K;Denich K;Radnia K;von,"['matern', 'effect', 'temperaturesensit', 'period', 'use', 'standard', 'test', 'investig', 'natur']"
 662,Bolanowski MA;Jacobson LA;Russell RL,"['quantit', 'measur', 'age', 'nematod', 'c', 'elegan', 'attempt', 'provid', 'addit', 'quantit', 'marker']"
 663,Hartman PS,"['uv', 'irradi', 'wild', 'type', 'radiationsensit', 'mutant', 'surviv', 'uv', 'irradi', 'examin', 'wild', 'type']"
 664,Findeis PM;Barinaga CJ;Willett JD;Farwell SO,"['agesynchron', 'cultur', 'c', 'elegan', 'techniqu', 'inclus', 'mobil', 'age', 'synchroni', 'method']"
 665,Meneely PM;Wood WB,"['autosom', 'gene', 'affect', 'x', 'chromosom', 'express', 'recess', 'mutant', 'allel', 'autosom', 'dpy21', 'locu']"
 666,Hodgkin J,"['x', 'chromosom', 'dosag', 'gene', 'express', 'c', 'elegan', 'two', 'phenotyp', 'caus', 'mutat', 'two', 'autosom', 'gene']"
 667,Albertson DG,"['format', 'first', 'cleavag', 'spindl', 'nematod', 'distribut', 'microtubul', 'microtubul', 'organ']"
 668,Schierenberg E,"['alter', 'celldivis', 'rate', 'laserinduc', 'cell', 'fusion', 'embryo', 'caenorhabd', 'elegan', 'adjac', 'cell']"
 669,Traboni C;Ciliberto G;Cortese R,"['mutat', 'box', 'b', 'promot', 'eukaryot', 'trnapro', 'construct', 'seri', 'singl', 'doubl']"
 670,Blonston G,"['build', 'worm', 'dimli', 'lit', 'laboratori', 'room', 'gottingen', 'west', 'germani']"
 671,Sulston JE,"['neuron', 'cell', 'lineag', 'nematod', 'c', 'elegan', 'one', 'attract', 'properti', 'small', 'nematod']"
 672,Horvitz HR;Sternberg PW;Greenwald IS;Fixsen W;Ellis HM,"['mutat', 'affect', 'neural', 'cell', 'lineag', 'cell', 'fate', 'describ', '19', 'gene', 'affect', 'neural', 'cell', 'lineag']"
 673,Zuckerman BM,"['freeliv', 'nematod', 'c', 'elegan', 'rapid', 'screen', 'advantag', 'freeliv', 'nematod', 'caenrohabd']"
 674,Johnson TE,"['c', 'elegan', 'genet', 'model', 'understand', 'age', 'longterm', 'goal', 'research', 'understand']"
 675,Rand JB;Russell RL,"['cholin', 'acetyltransferasedefici', 'mutant', 'nematod', 'identifi', 'five', 'independ', 'allel', 'mutat']"
 676,Goldstein P,"['triplox', 'hermaphrodit', 'c', 'elegan', 'pachyten', 'karyotyp', 'pair', 'three', 'x', 'chromosom', 'triplox', 'strain']"
 677,Ouazana R;Herbage D;Godet J,"['biochem', 'aspect', 'cuticl', 'collagen', '1', 'collagen', 'protein', 'caenorhabd', 'elegan']"
 678,Emmons SW;Yesner L,"['highfrequ', 'excis', 'transpos', 'element', 'tc1', 'tc', '1', 'transpos', 'element', 'nematod', 'caenorhabd']"
 679,Klass MR;Kinsley S;Lopez LC,"['isol', 'character', 'spermspecif', 'gene', 'major', 'sperm', 'protein', 'msp', 'nematod']"
 680,Golden JW;Riddle DL,"['pheromoneinduc', 'development', 'switch', 'c', 'elegan', 'format', 'development', 'arrest', 'dispers', 'stage']"
 681,Ohba K;Ishibashi N,"['nematod', 'c', 'elegan', 'test', 'organ', 'nematicid', 'juvenil', 'caenorhabd', 'elegan', 'transform']"
 682,Zuckerman BM;Kahane I,"['c', 'elegan', 'stage', 'specif', 'differ', 'cuticl', 'surfac', 'stagespecif', 'differ', 'wheat', 'germ', 'agglutinin', 'wga']"
 683,Munakata N;Morohosh F,"['effect', 'alkylatingag', 'nematod', 'c', 'elegan', 'stagespecif', 'differ', 'wheat', 'germ', 'agglutinin', 'wga']"
 684,Blumenthal T;Squire M;Kirtland S;Cane J;Donegan M;Spieth,"['clone', 'yolk', 'protein', 'gene', 'famili', 'c', 'elegan', 'clone', 'famili', 'five', 'gene', 'encod']"
 685,Simpkin KG;Coles GC,"['use', 'c', 'elegan', 'anthelmint', 'screen', 'caenorhabd', 'elegan', 'maintain', 'ampicillintr']"
 686,Golden JW;Riddle DL,"['c', 'elegan', 'dauer', 'larva', 'development', 'effect', 'three', 'environment', 'cue', 'influenc', 'entri']"
 687,Gibert M-A;Starck J;Beguet B,"['role', 'gonad', 'cytoplasm', 'core', 'oogenesi', 'order', 'elucid', 'function', 'cytoplasm', 'core']"
 688,Chalfie M,"['genet', 'analysi', 'nematod', 'nervecel', 'differenti', 'small', 'roundworm', 'caenorhabd', 'elegan']"
 689,Denich KTR;Schierenberg E;Isnenghi E;Cassada R,"['celllineag', 'development', 'defect', 'cellular', 'phenotyp', 'describ', '28']"
 690,Sharrock WJ,"['cleavag', 'two', 'yolk', 'protein', 'precursor', 'c', 'four', 'yolk', 'protein', 'identifi', 'previous']"
 691,Brenner S,"['nematod', 'research', '100th', 'issu', 'tib', 'ask', 'look', 'back']"
 692,Fodor A;Riddle DL;Nelson FK;Golden JW,"['comparison', 'new', 'wildtyp', 'caenorhabd', 'briggsa', 'hermaphrodit', 'nematod', 'strain', 'g16', 'isol', 'soil']"
 693,Goldstein P,"['steril', 'mutant', 'c', 'elegan', 'synaptonem', 'complex', 'two', 'steril', 'mutant', 'caenorhabd', 'elegan']"
 694,Yosida TH;Sadaie T;Sadaie Y,"['somat', 'meiotic', 'chromosom', 'small', 'freeliv', 'small', 'freeliv', 'nematod', 'caenorhabd', 'elegan']"
 695,McLachlan AD,"['structur', 'implic', 'myosin', 'amino', 'acid', 'sequenc', 'mani', 'question', 'action', 'muscl', 'would', 'answer']"
 696,Albertson DG,"['local', 'ribosom', 'gene', 'c', 'elegan', 'site', 'ribosom', 'gene', 'cluster', 'embryon']"
 697,Fujita H;Ishii N;Suzuki K,"['effect', '8methoxypsoralen', 'plu', 'nearultraviolet', 'light', 'effect', '8methoxypsoralen', 'plu', 'nearuv', 'light']"
 698,Marx JL,"['c', 'elegan', 'get', 'know', 'end', '1983', 'saw', 'complet', 'major', 'project']"
 699,Rose AM;Baillie DL;Curran J,"['meiotic', 'pair', 'behavior', 'two', 'free', 'duplic', 'paper', 'describ', 'meiotic', 'pair', 'behavior']"
 700,Snutch TP;Baillie DL,"['high', 'degre', 'dna', 'strain', 'polymorph', 'associ', 'search', 'sequenc', 'variat', 'bristol']"
 701,Strome S;Wood WB,"['segreg', 'germlinespecif', 'antigen', 'germ', 'cell', 'wide', 'varieti', 'invertebr', 'vertebr']"
 702,White JG;Southgate E;Thomson JN;Brenner S,"['factor', 'determin', 'connect', 'nervou', 'system', 'nervou', 'system', 'c', 'elegan', 'arrang']"
 703,Ruan K-S;Emmons SW,"['extrachromosom', 'copi', 'transposon', 'tc1', 'nematod', 'extrachromosom', 'copi', '16kilobas', 'transpos']"
 704,Lewin R,"['develop', 'illog', 'peopl', 'thought', 'crazi', 'recal', 'sydney', 'brenner']"
 705,Lewin R,"['continu', 'tale', 'small', 'worm', 'complet', 'descript', 'whole', 'nervou', 'system']"
 706,Nelson FK;Riddle DL,"['function', 'studi', 'c', 'elegan', 'secretoryexcretori', 'individu', 'cell', 'caenorhabd', 'elegan']"
 707,Politz JC;Edgar RS,"['overlap', 'stagespecif', 'set', 'numer', 'small', 'caenorhabd', 'elegan', 'synthes', 'four', 'morpholog']"
 708,Chalfie M,"['neuron', 'develop', 'c', 'elegan', 'research', 'nematod', 'caenorhabd', 'elegan']"
 710,Anderson P;Brenner S,"['select', 'myosin', 'heavychain', 'mutant', 'nematod', 'unc54', 'gene', 'caenorhabd', 'elegan', 'encod']"
 711,Golden JW;Riddle DL,"['c', 'elegan', 'dauerinduc', 'pheromon', 'antagonist', 'freeliv', 'soil', 'nematod', 'caenorhabd', 'elegan', 'form']"
 712,Herman RK,"['analysi', 'genet', 'mosaic', 'nematod', 'c', 'elegan', 'new', 'method', 'produc', 'genet', 'mosaic', 'involv']"
 713,Starck J,"['synthesi', 'oogenesi', 'specif', 'protein', 'c', 'elegan', 'vivo', 'label', 'protein', 'nematod', 'caenorhabd']"
 714,Kimble J;Edgar L;Hirsh D,"['specif', 'male', 'develop', 'c', 'elegan', 'fem', 'mutat', 'gene', 'fem2', 'caus', 'femin']"
 715,Sigurdson DC;Spanier GJ;Herman RK,"['caenorhabd', 'elegan', 'defici', 'map', 'six', 'scheme', 'use', 'identifi', '80', 'independ', 'recess']"
 716,Vanfleteren JR,"['nematod', 'nutrit', 'model', 'use', 'nematod', 'model', 'organ', 'studi']"
 717,Rosenzweig B;Liao LW;Hirsh D,"['target', 'sequenc', 'c', 'elegan', 'transpos', 'element', 'target', 'sequenc', 'two', 'independ', 'insert']"
 718,Seymour MK;Wright KA;Doncaster CC,"['action', 'anterior', 'feed', 'apparatu', 'c', 'elegan', 'analysi', 'cine', 'film', 'combin']"
 719,Ward S,"['genet', 'analysi', 'sensori', 'nervou', 'system', 'c', 'past', 'ten', 'year', 'nematod', 'caenorhabd']"
 720,Rose AM;Snutch TP,"['isol', 'close', 'circular', 'form', 'transpos', 'mobil', 'tc1', 'transpos', 'element']"
 721,Roberts TM;Streitmatter G,"['membranesubstr', 'contact', 'spermatozoon', 'c', 'caenorhabd', 'elegan', 'spermatozoon', 'use', 'singl', 'persist']"
 722,Cox GN;Kramer JM;Hirsh D,"['number', 'organ', 'collagen', 'gene', 'c', 'elegan', 'analyz', 'number', 'organ', 'collagen', 'gene']"
 723,Lozano R;Chitwood DJ;Lusby WR;Thompson MJ;Svoboda,"['compar', 'effect', 'growthinhibitor', 'analog', 'seri', 'dimethylalkyl', 'compound', 'consist']"
 724,Doniach T;Hodgkin J,"['sexdetermin', 'gene', 'fem1', 'requir', 'male', 'sex', 'nematod', 'caenorhabd', 'elegan', 'normal']"
 725,Lu NC;Cheng AC;Briggs GM,"['studi', 'miner', 'requir', 'c', 'elegan', 'quantiti', 'mg2', 'na', 'k', 'mn2', 'ca2', 'cu2']"
 726,Hartman PS,"['effect', 'age', 'liquid', 'hold', 'uvradi', 'dauer', 'larva', 'facult', 'development', 'stage']"
 727,Moerman DG;Waterston RH,"['spontan', 'unstabl', 'unc22', 'iv', 'mutat', 'c', 'elegan', 'var', 'paper', 'describ', 'mutat', 'system', 'nematod']"
 728,Jansson H-B;Jeyaprakash A;Damon RA;Zuckerman BM,"['c', 'elegan', 'panagrellu', 'redivivu', 'enzymemedi', 'treatment', 'mannosidas', 'sialidas', 'complet']"
 729,Bolten SL;Powell-Abel P;Fischhoff DA;Waterston RH,"['sup7st5', 'x', 'gene', 'c', 'elegan', 'encod', 'transfer', 'earlier', 'studi', 'identifi', 'caenorhabd', 'elegan']"
 730,Yarbrough PO;Hecht RM,"['two', 'isoenzym', 'glyceraldehyde3phosph', 'dehydrogenas', 'two', 'glyceraldehyde3phosph', 'dehydrogenas']"
 731,Sternberg PW;Horvitz HR,"['genet', 'control', 'cell', 'lineag', 'nematod', 'recogn', 'h', 'morgan', 'problem', 'genet']"
 732,Eide D;Anderson P,"['gene', 'structur', 'spontan', 'mutat', 'affect', 'c', 'isol', 'spontan', 'mutat', 'affect', 'unc54']"
 733,Hartman PS,"['epistat', 'interact', 'radiationsensit', 'rad', 'mutant', 'six', 'doubl', 'mutant', 'quadrupl', 'mutant', 'deriv']"
 734,Chitwood DJ;Lusby WR;Lozano R;Thompson MJ;Svoboda JA,"['novel', 'nuclear', 'methyl', 'sterol', 'nematod', 'c', 'caenorhabd', 'elegan', 'poss', 'uniqu', 'sterol']"
 735,Rand JB;Russell RL,"['properti', 'partial', 'purif', 'cholin', 'stabil', 'studi', 'cholin', 'acetyltransferas']"
 736,Johnson TE;Mitchell DH;Kline S;Kemal R;Foy J,"['arrest', 'develop', 'arrest', 'age', 'nematod', 'c', 'larval', 'develop', 'nematod', 'caenorhabd', 'elegan']"
 737,Marx JL,"['new', 'clue', 'development', 'time', 'within', 'past', 'year', 'research', 'final', 'begun']"
 738,Eide DJ;Anderson P,"['novel', 'insert', 'mutat', 'c', 'elegan', 'mutat', 'e1662', 'allel', 'caenorhabd']"
 739,Goldstein P,"['synaptonem', 'complex', 'c', 'eleganspachyten', 'rad4', 'mutant', 'c', 'elegan', 'specif']"
 740,Hedgecock EM;White JG,"['polyploid', 'tissu', 'nematod', 'c', 'elegan', 'larval', 'develop', 'number', 'somat', 'nucleu']"
 741,Waterston RH;Hirsh D;Lane TR,"['domin', 'mutat', 'affect', 'muscl', 'structur', 'c', 'elegan', 'examin', 'f1', 'progeni', 'mutagen', 'caenorhabd']"
 742,Landel CP;Krause M;Waterston RH;Hirsh D,"['dna', 'rearrang', 'actin', 'geneclust', 'c', 'elegan', 'present', 'evid', 'associ', 'domin', 'mutat']"
 743,Neigauz BM;Ravin VK,"['effect', 'physiolog', 'activ', 'substanc', 'life', 'present', 'evid', 'associ', 'domin', 'mutat']"
 744,Strehler EE;Mahdavi V;Periasamy M;Nadal-Ginard B,"['intron', 'posit', 'conserv', '5', 'end', 'region', 'determin', '5', 'end', 'sequenc', 'rat', 'embryon']"
 745,Schierenberg E;Wood WB,"['control', 'cellcycl', 'time', 'earli', 'embryo', 'c', 'techniqu', 'develop', 'extrud', 'either']"
 746,Kramer JM;Cox GN;Hirsh D,"['express', 'c', 'elegan', 'collagen', 'gene', 'col1', 'col2', 'total', 'collagen', 'gene', 'express', 'well', 'specif']"
 747,Chandra HS,"['sex', 'determin', 'hypothesi', 'base', 'noncod', 'dna', 'certain', 'recent', 'model', 'sex', 'determin', 'mammal']"
 748,Cox GN;Hirsh D,"['stagespecif', 'pattern', 'collagen', 'geneexpress', 'collagen', 'major', 'protein', 'compon']"
 749,Kenyon CJ,"['heterochron', 'mutat', 'c', 'eleganstheir', 'development', 'v', 'ambro', 'r', 'horvitz', 'identifi', 'set', 'gene']"
 750,Rosenbluth RE;Cuddeford C;Baillie DL,"['mutagenesi', 'caenorhabd', 'elegan', 'ii', 'spectrum', 'previous', 'establish', 'gammaray', 'doserespons', 'curv']"
 751,Cox GN;Carr S;Kramer JM;Hirsh D,"['genet', 'map', 'c', 'elegan', 'collagen', 'gene', 'use', 'dna', 'caenorhabd', 'elegan', 'collagen', 'compris', 'dispers']"
 752,Lozano R;Lusby WR;Chitwood DJ;Svoboda JA,"['dealkyl', 'variou', '24alkylsterol', 'nematod', 'c', 'metabol', '4', 'dietari', '24alkylsterol']"
 753,Jeyaprakash A;Jansson H-B;Marban-Mendoza N;Zuckerman BM,"['c', 'elegan', 'lectinmedi', 'modif', 'chemotaxi', 'bind', 'lectin', 'concanavalin', 'con', 'limulin']"
 754,Hosono R;Kuno S,"['properti', 'unc52', 'gene', 'relat', 'mutat', 'mutat', 'unc52', 'gene', 'show', 'stagedepend']"
 755,Eide D;Anderson P,"['transposit', 'tc1', 'nematod', 'c', 'elegan', 'identifi', 'strain', 'caenorhabd', 'elegan']"
 756,Okamoto H;Thomson JN,"['monoclon', 'antibodi', 'distinguish', 'certain', 'class', 'monoclon', 'antibodi', 'gener', 'use', 'mous', 'immun']"
 757,Lozano R;Lusby WR;Chitwood DJ;Thompson MJ;Svoboda JA,"['inhibit', 'c28', 'c29', 'phytosterol', 'metabol', 'n', 'effect', 'metabol', 'campesterol', 'stigmasterol']"
 758,Johnson TE,"['analysi', 'biolog', 'basi', 'age', 'nematod', 'prepar', 'review', 'made', 'basic']"
 759,Klass M,"['cellspecif', 'gene', 'express', 'c', 'elegan', 'prepar', 'review', 'made', 'basic']"
 760,Curran J;Baillie DL;Webster JM,"['use', 'genom', 'dna', 'restrict', 'fragment', 'length', 'differ', 'restrict', 'endonucleas', 'digest', 'genom', 'dna', 'gener']"
 761,Herman RK;Kari CK,"['musclespecif', 'express', 'gene', 'affect', 'gener', 'c', 'elegan', 'anim', 'carri']"
 762,Ferguson EL;Horvitz HR,"['identif', 'character', '22', 'gene', 'affect', 'ninetyf', 'mutant', 'nematod', 'caenorhabd', 'elegan']"
 763,Ouazana R;Garrone R;Godet J,"['character', 'morpholog', 'biochem', 'defect', '1', 'paper', 'describ', 'morpholog', 'biochem']"
 764,Swanson MM;Edgley ML;Riddle DL,"['nematod', 'caenorhabd', 'elegan', '1', 'paper', 'describ', 'morpholog', 'biochem']"
 765,Chalfie M;Sulston JE;White JG;Southgate E;Thomson,"['neural', 'circuit', 'touch', 'sensit', 'c', 'elegan', 'neural', 'pathway', 'touchinduc', 'movement']"
 766,Golden JW;Riddle DL,"['gene', 'affect', 'product', 'c', 'elegan', 'nematod', 'mutant', 'lack', 'pheromon', 'activ', 'enter']"
 767,Karn J;Dibb NJ;Miller DM,"['clone', 'nematod', 'myosin', 'gene', 'nematod', 'mutant', 'lack', 'pheromon', 'activ', 'enter']"
 768,Wills N;Gesteland RF;Karn J;Barnett L;Bolten S;Waterston RH,"['gene', 'sup7', 'x', 'sup5', 'iii', 'c', 'elegan', 'suppress', 'sup5', 'iii', 'sup7', 'x', 'suppressor', 'c', 'elegan']"
 769,Brown SJ;Riddle DL,"['gene', 'interact', 'affect', 'muscl', 'organ', 'c', 'revert', 'unc15e73i', 'paralyz', 'mutant']"
 770,Epstein HF;Ortiz I;Berliner GC;Miller DM III,"['nematod', 'thickfila', 'structur', 'assembl', 'myosin', 'slime', 'mold', 'brain', 'cell', 'show', 'remark']"
 771,Epstein HF;Miller DM III;Ortiz I;Berliner GC,"['myosin', 'paramyosin', 'organ', 'newli', 'myosin', 'isoform', 'b', 'differenti', 'local']"
 772,Russnak RH;Candido EPM,"['locu', 'encod', 'famili', 'small', 'heatshock', 'gene', 'c', 'gene', 'code', 'hsp', '1648', 'previous', 'identifi']"
 773,Morgan PG;Cascorbi HF,"['effect', 'anesthet', 'convuls', 'normal', 'mutant', 'author', 'develop', 'method', 'studi', 'action']"
 774,Burr AH,"['photomov', 'c', 'elegan', 'nematod', 'lack', 'caenorhabd', 'elegan', 'adult', 'test', 'constant']"
 775,Stinchcomb DT;Mello C;Hirsh D,"['c', 'elegan', 'dna', 'direct', 'segreg', 'yeast', 'cell', 'isol', 'seven', 'dna', 'fragment', 'caenorhabd']"
 776,Jameel S;McFadden BA,"['c', 'elegan', 'purif', 'isocitr', 'lyas', 'isocitr', 'lyas', 'ec', '4131', 'mix', 'larval', 'popul']"
 777,Schierenberg E;Carlson C;Sidio W,"['cellular', 'develop', 'nematod', '3d', 'comput', 'embryo', 'freeliv', 'soil', 'nematod', 'caenorhabd']"
 778,Meheus L;Vanfleteren JR,"['nematod', 'chromosom', 'protein', 'iv', 'nonhiston', 'c', '1', 'method', 'develop', 'yield', 'reason']"
 779,Dibb NJ;Brown DM;Karn J;Moerman DG;Bolten SL;Waterston RH,"['sequenc', 'analysi', 'mutat', 'affect', 'synthesi', 'sequenc', '11', 'repres', 'mutat', 'unc54']"
 780,Sanford T;Prenger JP;Golomb M,"['purif', 'immunolog', 'analysi', 'rna', 'polymeras', 'describ', 'rapid', 'procedur', 'obtain', 'highli', 'purifi']"
 781,Johnson TE;McCaffrey G,"['program', 'age', 'error', 'catastroph', 'examin', 'examin', 'newli', 'synthes', 'protein', 'young']"
 782,Cowan AE;McIntosh JR,"['map', 'distribut', 'differenti', 'potenti', 'analyz', 'differenti', 'potenti', 'cell']"
 783,Spieth J;Denison K;Kirtland S;Cane J;Blumenthal T,"['c', 'elegan', 'vitellogenin', 'gene', 'short', 'sequenc', 'repeat', 'nematod', 'caenorhabd', 'elegan', 'contain', 'small', 'famili']"
 784,Baillie DL;Beckenbach KA;Rose AM,"['clone', 'within', 'unc43', 'unc31', 'interv', 'lgiv', 'region', 'around', 'twitcher', 'gene', 'unc22', 'flank']"
 785,Waterston RH;Francis GR,"['genet', 'analysi', 'muscl', 'develop', 'c', 'elegan', 'caenorhabd', 'elegan', 'mutat', '25', 'gene']"
 786,White JG,"['neuron', 'connect', 'c', 'elegan', 'connect', '302', 'neuron', 'make']"
 787,Hedgecock EM,"['cell', 'lineag', 'mutant', 'nematod', 'c', 'elegan', 'nematod', 'develop', 'invari', 'cell', 'lineag', 'mani', 'cell']"
 788,Hosono R;Kuno S;Midsukami M,"['temperaturesensit', 'mutat', 'caus', 'revers', 'method', 'develop', 'isol']"
